faction,rank,kind,detachments,sources,dp_cost,chapter_lock,force_dispositions,score_total,score_primary,score_secondary,score_inventory,score_rule_stratagem,score_enhancement,score_flexibility,coverage_pct,confidence,supported,partial,unsupported
Space Marines,1,single,FORGEFATHER’S SEEKERS,Salamanders,2,Salamanders,PRIORITY ASSETS,89.37,85.82,87.94,94.43,84.52,98.61,91.31,47.27,medium,1,7,3
Space Marines,2,single,RECLAMATION FORCE,Ultramarines,2,Ultramarines,TAKE AND HOLD,88.24,88.72,88.55,94.43,75.29,98.47,91.31,27.27,low,0,5,6
Space Marines,3,combination,RECLAMATION FORCE + VENGEFUL HOSTS,Ultramarines + Space Marines,3,Ultramarines,TAKE AND HOLD,87.49,90.69,90.4,94.43,74.29,84.45,91.31,36.97,low,1,8,8
Space Marines,4,combination,FORGEFATHER’S SEEKERS + VENGEFUL HOSTS,Salamanders + Space Marines,3,Salamanders,PRIORITY ASSETS + TAKE AND HOLD,87.38,85.89,90.08,94.43,78.91,84.52,91.31,46.97,medium,2,10,5
Space Marines,5,single,IRONSTORM SPEARHEAD,Space Marines,2,,TAKE AND HOLD,86.81,88.66,87.97,94.43,77.52,81.25,91.31,38.18,low,0,7,4
Space Marines,6,combination,IRONSTORM SPEARHEAD + VENGEFUL HOSTS,Space Marines + Space Marines,3,,TAKE AND HOLD,86.67,90.58,89.75,94.43,75.41,75.84,91.31,42.43,medium,1,10,6
Space Marines,7,single,ORBITAL ASSAULT FORCE,Space Marines,2,,TAKE AND HOLD,86.42,86.93,87.03,94.43,71.07,96.11,91.31,27.27,low,0,5,6
Space Marines,8,combination,ORBITAL ASSAULT FORCE + VENGEFUL HOSTS,Space Marines + Space Marines,3,,TAKE AND HOLD,86.31,89.01,89.15,94.43,72.19,83.27,91.31,36.97,low,1,8,8
Space Marines,9,combination,ANVIL SIEGE FORCE + VENGEFUL HOSTS,Space Marines + Space Marines,3,,TAKE AND HOLD,86.07,90.58,89.75,94.43,75.1,70.46,91.31,39.7,low,1,9,7
Space Marines,10,single,FIRESTORM ASSAULT FORCE,Space Marines,2,,PRIORITY ASSETS,85.98,82.8,87.67,94.43,77.66,85.21,91.31,47.27,medium,1,7,3
Space Marines,11,combination,FIRESTORM ASSAULT FORCE + VENGEFUL HOSTS,Space Marines + Space Marines,3,,PRIORITY ASSETS + TAKE AND HOLD,85.74,85.12,89.54,94.43,75.48,77.82,91.31,46.97,medium,2,10,5
Space Marines,12,combination,BASTION TASK FORCE + VENGEFUL HOSTS,Space Marines + Space Marines,3,,TAKE AND HOLD,85.68,89.91,90.08,94.43,76.44,64.41,91.31,36.97,low,1,8,8
Space Marines,13,single,BLADE OF ULTRAMAR,Ultramarines,3,Ultramarines,PRIORITY ASSETS,85.62,88.6,87.94,94.43,69.8,85.07,91.31,32.73,low,0,6,5
Space Marines,14,single,GLADIUS TASK FORCE,Space Marines,3,,PRIORITY ASSETS,85.62,88.6,87.94,94.43,69.8,85.07,91.31,32.73,low,0,6,5
Space Marines,15,single,ANVIL SIEGE FORCE,Space Marines,2,,TAKE AND HOLD,85.61,88.66,87.97,94.43,76.9,70.49,91.31,32.73,low,0,6,5
Space Marines,16,combination,FORGEFATHER’S SEEKERS + SUBVERSION ASSETS,Salamanders + Space Marines,3,Salamanders,DISRUPTION + PRIORITY ASSETS,85.53,86.98,88.66,89.93,80.05,79.38,80.6,53.64,medium,1,13,3
Space Marines,17,combination,HAMMER OF AVERNII + VENGEFUL HOSTS,Iron Hands + Space Marines,3,Iron Hands,PURGE THE FOE + TAKE AND HOLD,85.48,88.08,89.54,94.43,73.67,72.92,91.31,47.88,medium,1,12,4
Space Marines,18,combination,SPEARPOINT TASK FORCE + VENGEFUL HOSTS,White Scars + Space Marines,3,White Scars,DISRUPTION + TAKE AND HOLD,85.43,88.82,90.08,94.43,68.09,80.77,91.31,45.16,medium,1,11,5
Space Marines,19,single,HAMMER OF AVERNII,Iron Hands,2,Iron Hands,PURGE THE FOE,85.28,87.78,87.67,94.43,74.04,75.42,91.31,49.09,medium,0,9,2
Space Marines,20,combination,RECLAMATION FORCE + SUBVERSION ASSETS,Ultramarines + Space Marines,3,Ultramarines,DISRUPTION + TAKE AND HOLD,85.27,89.61,89.28,89.93,75.43,79.31,80.6,43.64,medium,0,11,6
Space Marines,21,combination,EMPEROR’S SHIELD + VENGEFUL HOSTS,Imperial Fists + Space Marines,3,Imperial Fists,PURGE THE FOE + TAKE AND HOLD,85.04,88.08,89.54,94.43,74.47,66.91,91.31,47.88,medium,1,12,4
Space Marines,22,combination,1ST COMPANY TASK FORCE + VENGEFUL HOSTS,Space Marines + Space Marines,3,,PURGE THE FOE + TAKE AND HOLD,85.03,88.43,90.12,94.43,74.83,63.06,93.11,47.88,medium,1,12,4
Space Marines,23,single,VENGEFUL HOSTS,Space Marines,1,,TAKE AND HOLD,84.81,88.32,87.97,94.43,73.3,70.42,91.31,46.67,medium,1,3,2
Space Marines,24,single,SPEARPOINT TASK FORCE,White Scars,2,White Scars,DISRUPTION,84.77,88.23,87.94,94.43,62.88,91.11,91.31,43.64,medium,0,8,3
Space Marines,25,single,BASTION TASK FORCE,Space Marines,2,,TAKE AND HOLD,84.76,87.85,87.94,94.43,79.58,58.4,91.31,27.27,low,0,5,6
Space Marines,26,combination,IRONSTORM SPEARHEAD + SUBVERSION ASSETS,Space Marines + Space Marines,3,,DISRUPTION + TAKE AND HOLD,84.56,89.55,89.04,89.93,76.55,70.69,80.6,49.09,medium,0,13,4
Space Marines,27,single,EMPEROR’S SHIELD,Imperial Fists,2,Imperial Fists,PURGE THE FOE,84.39,87.78,87.67,94.43,75.63,63.4,91.31,49.09,medium,0,9,2
Space Marines,28,combination,HEADHUNTER TASK FORCE + VENGEFUL HOSTS,Space Marines + Space Marines,3,,PRIORITY ASSETS + TAKE AND HOLD,84.27,88.93,90.08,94.43,64.82,75.53,91.31,36.97,low,1,8,8
Space Marines,29,single,1ST COMPANY TASK FORCE,Space Marines,2,,PURGE THE FOE,84.1,88.22,88.28,94.43,76.36,55.7,93.11,49.09,medium,0,9,2
Space Marines,30,single,CERAMITE SENTINELS,Space Marines,3,,TAKE AND HOLD,84.09,88.66,87.97,94.43,68.5,72.09,91.31,38.18,low,0,7,4
Space Marines,31,combination,ORBITAL ASSAULT FORCE + SUBVERSION ASSETS,Space Marines + Space Marines,3,,DISRUPTION + TAKE AND HOLD,84.02,87.92,87.76,89.93,73.33,78.13,80.6,43.64,medium,0,11,6
Space Marines,32,combination,ANVIL SIEGE FORCE + SUBVERSION ASSETS,Space Marines + Space Marines,3,,DISRUPTION + TAKE AND HOLD,83.97,89.55,89.04,89.93,76.24,65.32,80.6,46.36,medium,0,12,5
Space Marines,33,combination,HAMMER OF AVERNII + SUBVERSION ASSETS,Iron Hands + Space Marines,3,Iron Hands,DISRUPTION + PURGE THE FOE,83.61,88.68,88.45,89.93,74.81,67.78,80.6,54.55,medium,0,15,2
Space Marines,34,combination,FIRESTORM ASSAULT FORCE + SUBVERSION ASSETS,Space Marines + Space Marines,3,,DISRUPTION + PRIORITY ASSETS,83.54,84.12,88.45,89.93,76.62,72.68,80.6,53.64,medium,1,13,3
Space Marines,35,combination,SHADOWMARK TALON + VENGEFUL HOSTS,Raven Guard + Space Marines,3,Raven Guard,DISRUPTION + TAKE AND HOLD,83.48,88.82,90.08,94.43,63.37,70.77,91.31,45.16,medium,1,11,5
Space Marines,36,combination,SPEARPOINT TASK FORCE + SUBVERSION ASSETS,White Scars + Space Marines,3,White Scars,DISRUPTION,83.44,89.22,88.66,89.93,69.23,75.63,80.6,51.82,medium,0,14,3
Space Marines,37,combination,FORGEFATHER’S SEEKERS + FULGURIS TASK FORCE,Salamanders + Space Marines,3,Salamanders,PRIORITY ASSETS + RECONNAISSANCE,83.41,86.81,88.45,94.43,77.77,49.31,91.31,28.64,low,1,8,8
Space Marines,38,combination,VANGUARD SPEARHEAD + VENGEFUL HOSTS,Space Marines + Space Marines,3,,RECONNAISSANCE + TAKE AND HOLD,83.4,89.14,89.54,94.43,64.32,68.72,91.31,47.88,medium,1,12,4
Space Marines,39,combination,BASTION TASK FORCE + SUBVERSION ASSETS,Space Marines + Space Marines,3,,DISRUPTION + TAKE AND HOLD,83.39,88.8,88.66,89.93,77.58,59.27,80.6,43.64,medium,0,11,6
Space Marines,40,single,STORMLANCE TASK FORCE,Space Marines,3,,DISRUPTION,83.35,88.15,87.67,94.43,58.61,86.25,91.31,43.64,medium,0,8,3
Space Marines,41,combination,SUBVERSION ASSETS + VENGEFUL HOSTS,Space Marines + Space Marines,2,,DISRUPTION + TAKE AND HOLD,83.3,88.05,89.04,89.93,74.44,65.28,80.6,53.34,medium,1,9,2
Space Marines,42,single,ARMOURED SPEARTIP,Space Marines,3,,TAKE AND HOLD,83.2,87.8,87.67,94.43,58.75,85.21,91.31,43.64,medium,0,8,3
Space Marines,43,combination,FULGURIS TASK FORCE + RECLAMATION FORCE,Space Marines + Ultramarines,3,Ultramarines,RECONNAISSANCE + TAKE AND HOLD,83.19,89.61,89.04,94.43,73.15,49.24,91.31,18.63,low,0,6,11
Space Marines,44,combination,1ST COMPANY TASK FORCE + SUBVERSION ASSETS,Space Marines + Space Marines,3,,DISRUPTION + PURGE THE FOE,83.16,89.07,89.03,89.93,75.97,57.92,82.4,54.55,medium,0,15,2
Space Marines,45,combination,EMPEROR’S SHIELD + SUBVERSION ASSETS,Imperial Fists + Space Marines,3,Imperial Fists,DISRUPTION + PURGE THE FOE,83.16,88.68,88.45,89.93,75.61,61.77,80.6,54.55,medium,0,15,2
Space Marines,46,single,HEADHUNTER TASK FORCE,Space Marines,2,,PRIORITY ASSETS,82.49,88.6,87.94,94.43,56.34,80.63,91.31,27.27,low,0,5,6
Space Marines,47,combination,FULGURIS TASK FORCE + IRONSTORM SPEARHEAD,Space Marines + Space Marines,3,,RECONNAISSANCE + TAKE AND HOLD,82.47,89.53,88.77,94.43,74.27,40.63,91.31,24.09,low,0,8,9
Space Marines,48,combination,HEADHUNTER TASK FORCE + SUBVERSION ASSETS,Space Marines + Space Marines,3,,DISRUPTION + PRIORITY ASSETS,82.42,90.05,88.66,89.93,65.96,70.38,80.6,43.64,medium,0,11,6
Space Marines,49,combination,FULGURIS TASK FORCE + ORBITAL ASSAULT FORCE,Space Marines + Space Marines,3,,RECONNAISSANCE + TAKE AND HOLD,81.94,87.93,87.55,94.43,71.04,48.06,91.31,18.63,low,0,6,11
Space Marines,50,combination,ANVIL SIEGE FORCE + FULGURIS TASK FORCE,Space Marines + Space Marines,3,,RECONNAISSANCE + TAKE AND HOLD,81.87,89.53,88.77,94.43,73.96,35.24,91.31,21.37,low,0,7,10
Space Marines,51,combination,FULGURIS TASK FORCE + SUBVERSION ASSETS + VENGEFUL HOSTS,Space Marines + Space Marines + Space Marines,3,,DISRUPTION + RECONNAISSANCE + TAKE AND HOLD,81.71,89.05,89.56,91.43,73.3,43.52,84.17,38.89,low,1,10,7
Space Marines,52,combination,FULGURIS TASK FORCE + HAMMER OF AVERNII,Space Marines + Iron Hands,3,Iron Hands,PURGE THE FOE + RECONNAISSANCE,81.51,88.7,88.18,94.43,72.53,37.71,91.31,29.55,low,0,10,7
Space Marines,53,combination,SHADOWMARK TALON + SUBVERSION ASSETS,Raven Guard + Space Marines,3,Raven Guard,DISRUPTION,81.49,89.22,88.66,89.93,64.51,65.63,80.6,51.82,medium,0,14,3
Space Marines,54,combination,SUBVERSION ASSETS + VANGUARD SPEARHEAD,Space Marines + Space Marines,3,,DISRUPTION + RECONNAISSANCE,81.45,89.35,88.45,89.93,65.46,63.58,80.6,54.55,medium,0,15,2
Space Marines,55,combination,FIRESTORM ASSAULT FORCE + FULGURIS TASK FORCE,Space Marines + Space Marines,3,,PRIORITY ASSETS + RECONNAISSANCE,81.43,84,88.18,94.43,74.34,42.61,91.31,28.64,low,1,8,8
Space Marines,56,combination,FULGURIS TASK FORCE + SPEARPOINT TASK FORCE,Space Marines + White Scars,3,White Scars,DISRUPTION + RECONNAISSANCE,81.38,89.35,88.45,94.43,66.95,45.56,91.31,26.82,low,0,9,8
Space Marines,57,combination,BASTION TASK FORCE + FULGURIS TASK FORCE,Space Marines + Space Marines,3,,RECONNAISSANCE + TAKE AND HOLD,81.31,88.81,88.45,94.43,75.3,29.2,91.31,18.63,low,0,6,11
Space Marines,58,combination,FULGURIS TASK FORCE + VENGEFUL HOSTS,Space Marines + Space Marines,2,,RECONNAISSANCE + TAKE AND HOLD,81.27,88.38,88.77,94.43,72.16,35.21,91.31,28.34,low,1,4,7
Space Marines,59,combination,1ST COMPANY TASK FORCE + FULGURIS TASK FORCE,Space Marines + Space Marines,3,,PURGE THE FOE + RECONNAISSANCE,81.09,89.09,88.82,94.43,73.69,27.85,93.11,29.55,low,0,10,7
Space Marines,60,combination,EMPEROR’S SHIELD + FULGURIS TASK FORCE,Imperial Fists + Space Marines,3,Imperial Fists,PURGE THE FOE + RECONNAISSANCE,81.07,88.7,88.18,94.43,73.32,31.7,91.31,29.55,low,0,10,7
Space Marines,61,single,SHADOWMARK TALON,Raven Guard,2,Raven Guard,DISRUPTION,80.88,88.23,87.94,94.43,53.43,71.11,91.31,43.64,medium,0,8,3
Space Marines,62,single,SUBVERSION ASSETS,Space Marines,1,,DISRUPTION,80.85,87.16,86.83,85.43,75.58,60.14,69.88,60,medium,0,6,0
Space Marines,63,single,VANGUARD SPEARHEAD,Space Marines,2,,RECONNAISSANCE,80.79,88.26,87.67,94.43,55.34,67.01,91.31,49.09,medium,0,9,2
Space Marines,64,combination,FULGURIS TASK FORCE + HEADHUNTER TASK FORCE,Space Marines + Space Marines,3,,PRIORITY ASSETS + RECONNAISSANCE,80.32,89.94,88.45,94.43,63.68,40.32,91.31,18.63,low,0,6,11
Space Marines,65,combination,FULGURIS TASK FORCE + SHADOWMARK TALON,Space Marines + Raven Guard,3,Raven Guard,DISRUPTION + RECONNAISSANCE,79.44,89.35,88.45,94.43,62.22,35.56,91.31,26.82,low,0,9,8
Space Marines,66,combination,FULGURIS TASK FORCE + VANGUARD SPEARHEAD,Space Marines + Space Marines,3,,RECONNAISSANCE,79.41,89.62,88.18,94.43,63.17,33.51,91.31,29.55,low,0,10,7
Space Marines,67,combination,FULGURIS TASK FORCE + SUBVERSION ASSETS,Space Marines + Space Marines,2,,DISRUPTION + RECONNAISSANCE,79.19,88.39,87.33,89.93,73.3,30.07,80.6,35,low,0,7,5
Space Marines,68,combination,FORGEFATHER’S SEEKERS + LIBRARIUS CONCLAVE,Salamanders + Space Marines,3,Salamanders,PRIORITY ASSETS + RECONNAISSANCE,79.02,85.8,88.32,85.43,53.49,80.31,79.31,53.64,medium,1,13,3
Space Marines,69,combination,LIBRARIUS CONCLAVE + RECLAMATION FORCE,Space Marines + Ultramarines,3,Ultramarines,RECONNAISSANCE + TAKE AND HOLD,78.85,88.84,88.94,85.43,48.87,80.24,79.31,43.64,medium,0,11,6
Space Marines,70,combination,LIBRARIUS CONCLAVE + SUBVERSION ASSETS + VENGEFUL HOSTS,Space Marines + Space Marines + Space Marines,3,,DISRUPTION + RECONNAISSANCE + TAKE AND HOLD,78.75,88.31,89.42,85.43,57.11,64.19,76.17,55.56,medium,1,15,2
Space Marines,71,combination,IRONSTORM SPEARHEAD + LIBRARIUS CONCLAVE,Space Marines + Space Marines,3,,RECONNAISSANCE + TAKE AND HOLD,78.05,88.76,88.36,85.43,49.99,71.63,79.31,49.09,medium,0,13,4
Space Marines,72,combination,LIBRARIUS CONCLAVE + ORBITAL ASSAULT FORCE,Space Marines + Space Marines,3,,RECONNAISSANCE + TAKE AND HOLD,77.59,87.16,87.41,85.43,46.76,79.06,79.31,43.64,medium,0,11,6
Space Marines,73,combination,ANVIL SIEGE FORCE + LIBRARIUS CONCLAVE,Space Marines + Space Marines,3,,RECONNAISSANCE + TAKE AND HOLD,77.45,88.76,88.36,85.43,49.68,66.25,79.31,46.36,medium,0,12,5
Space Marines,74,combination,FULGURIS TASK FORCE + LIBRARIUS CONCLAVE + VENGEFUL HOSTS,Space Marines + Space Marines + Space Marines,3,,RECONNAISSANCE + TAKE AND HOLD,77.38,88.52,89.15,88.43,55.59,44.14,83.31,38.89,low,1,10,7
Space Marines,75,combination,HAMMER OF AVERNII + LIBRARIUS CONCLAVE,Iron Hands + Space Marines,3,Iron Hands,PURGE THE FOE + RECONNAISSANCE,77.21,88.12,88.06,85.43,48.25,68.71,79.31,54.55,medium,0,15,2
Space Marines,76,combination,LIBRARIUS CONCLAVE + SPEARPOINT TASK FORCE,Space Marines + White Scars,3,White Scars,DISRUPTION + RECONNAISSANCE,77.04,88.58,88.32,85.43,42.67,76.56,79.31,51.82,medium,0,14,3
Space Marines,77,combination,FIRESTORM ASSAULT FORCE + LIBRARIUS CONCLAVE,Space Marines + Space Marines,3,,PRIORITY ASSETS + RECONNAISSANCE,77,82.83,88.06,85.43,50.06,73.6,79.31,53.64,medium,1,13,3
Space Marines,78,combination,BASTION TASK FORCE + LIBRARIUS CONCLAVE,Space Marines + Space Marines,3,,RECONNAISSANCE + TAKE AND HOLD,76.96,88.04,88.32,85.43,51.02,60.2,79.31,43.64,medium,0,11,6
Space Marines,79,combination,LIBRARIUS CONCLAVE + VENGEFUL HOSTS,Space Marines + Space Marines,2,,RECONNAISSANCE + TAKE AND HOLD,76.87,87.64,88.36,85.43,47.88,66.21,79.31,53.34,medium,1,9,2
Space Marines,80,single,FULGURIS TASK FORCE,Space Marines,1,,RECONNAISSANCE,76.83,87.57,86.63,94.43,71.01,0,91.31,10,low,0,1,5
Space Marines,81,combination,1ST COMPANY TASK FORCE + LIBRARIUS CONCLAVE,Space Marines + Space Marines,3,,PURGE THE FOE + RECONNAISSANCE,76.77,88.5,88.66,85.43,49.41,58.85,81.11,54.55,medium,0,15,2
Space Marines,82,combination,EMPEROR’S SHIELD + LIBRARIUS CONCLAVE,Imperial Fists + Space Marines,3,Imperial Fists,PURGE THE FOE + RECONNAISSANCE,76.77,88.12,88.06,85.43,49.04,62.7,79.31,54.55,medium,0,15,2
Space Marines,83,combination,FULGURIS TASK FORCE + LIBRARIUS CONCLAVE + SUBVERSION ASSETS,Space Marines + Space Marines + Space Marines,3,,DISRUPTION + RECONNAISSANCE,75.93,88.76,87.76,85.43,56.35,40.71,76.17,43.33,medium,0,13,5
Space Marines,84,combination,HEADHUNTER TASK FORCE + LIBRARIUS CONCLAVE,Space Marines + Space Marines,3,,PRIORITY ASSETS + RECONNAISSANCE,75.87,88.65,88.32,85.43,39.4,71.32,79.31,43.64,medium,0,11,6
Space Marines,85,combination,LIBRARIUS CONCLAVE + SHADOWMARK TALON,Space Marines + Raven Guard,3,Raven Guard,DISRUPTION + RECONNAISSANCE,75.09,88.58,88.32,85.43,37.94,66.56,79.31,51.82,medium,0,14,3
Space Marines,86,combination,LIBRARIUS CONCLAVE + VANGUARD SPEARHEAD,Space Marines + Space Marines,3,,RECONNAISSANCE,74.97,88.36,88.06,85.43,38.9,64.51,79.31,54.55,medium,0,15,2
Space Marines,87,combination,LIBRARIUS CONCLAVE + SUBVERSION ASSETS,Space Marines + Space Marines,2,,DISRUPTION + RECONNAISSANCE,74.88,87.7,87.24,80.93,49.02,61.07,68.6,60,medium,0,12,0
Space Marines,88,combination,FULGURIS TASK FORCE + LIBRARIUS CONCLAVE,Space Marines + Space Marines,2,,RECONNAISSANCE,72.8,87.73,87.03,85.43,46.74,31,79.31,35,low,0,7,5
Space Marines,89,single,LIBRARIUS CONCLAVE,Space Marines,1,,RECONNAISSANCE,68.25,86.37,86.53,76.43,22.46,62,67.31,60,medium,0,6,0
Salamanders,1,single,FORGEFATHER’S SEEKERS,Salamanders,2,Salamanders,PRIORITY ASSETS,89.27,85.56,87.69,94.78,84.38,98.48,91.2,47.27,medium,1,7,3
Salamanders,2,combination,FORGEFATHER’S SEEKERS + VENGEFUL HOSTS,Salamanders + Space Marines,3,Salamanders,PRIORITY ASSETS + TAKE AND HOLD,87.28,85.69,89.81,94.78,78.71,84.36,91.2,46.97,medium,2,10,5
Salamanders,3,single,IRONSTORM SPEARHEAD,Space Marines,2,,TAKE AND HOLD,86.93,88.44,87.65,94.78,77.46,83.18,91.2,38.18,low,0,7,4
Salamanders,4,combination,IRONSTORM SPEARHEAD + VENGEFUL HOSTS,Space Marines + Space Marines,3,,TAKE AND HOLD,86.66,90.35,89.42,94.78,75.25,76.71,91.2,42.43,medium,1,10,6
Salamanders,5,single,ORBITAL ASSAULT FORCE,Space Marines,2,,TAKE AND HOLD,86.31,86.71,86.79,94.78,71,95.6,91.2,27.27,low,0,5,6
Salamanders,6,combination,ORBITAL ASSAULT FORCE + VENGEFUL HOSTS,Space Marines + Space Marines,3,,TAKE AND HOLD,86.19,88.8,88.89,94.78,72.02,82.92,91.2,36.97,low,1,8,8
Salamanders,7,combination,ANVIL SIEGE FORCE + VENGEFUL HOSTS,Space Marines + Space Marines,3,,TAKE AND HOLD,85.95,90.35,89.42,94.78,74.9,70.27,91.2,39.7,low,1,9,7
Salamanders,8,single,FIRESTORM ASSAULT FORCE,Space Marines,2,,PRIORITY ASSETS,85.94,82.52,87.4,94.78,77.78,85.11,91.2,47.27,medium,1,7,3
Salamanders,9,combination,FIRESTORM ASSAULT FORCE + VENGEFUL HOSTS,Space Marines + Space Marines,3,,PRIORITY ASSETS + TAKE AND HOLD,85.65,84.92,89.21,94.78,75.41,77.67,91.2,46.97,medium,2,10,5
Salamanders,10,combination,BASTION TASK FORCE + VENGEFUL HOSTS,Space Marines + Space Marines,3,,TAKE AND HOLD,85.59,89.71,89.81,94.78,76.27,64.3,91.2,36.97,low,1,8,8
Salamanders,11,single,GLADIUS TASK FORCE,Space Marines,3,,PRIORITY ASSETS,85.53,88.27,87.69,94.78,69.73,84.96,91.2,32.73,low,0,6,5
Salamanders,12,single,ANVIL SIEGE FORCE,Space Marines,2,,TAKE AND HOLD,85.5,88.44,87.65,94.78,76.77,70.3,91.2,32.73,low,0,6,5
Salamanders,13,combination,FORGEFATHER’S SEEKERS + SUBVERSION ASSETS,Salamanders + Space Marines,3,Salamanders,DISRUPTION + PRIORITY ASSETS,85.43,86.73,88.42,90.28,79.59,79.81,80.49,53.64,medium,1,13,3
Salamanders,14,single,BASTION TASK FORCE,Space Marines,2,,TAKE AND HOLD,84.7,87.63,87.69,94.78,79.49,58.37,91.2,27.27,low,0,5,6
Salamanders,15,single,VENGEFUL HOSTS,Space Marines,1,,TAKE AND HOLD,84.68,88.08,87.65,94.78,73.04,70.23,91.2,46.67,medium,1,3,2
Salamanders,16,combination,IRONSTORM SPEARHEAD + SUBVERSION ASSETS,Space Marines + Space Marines,3,,DISRUPTION + TAKE AND HOLD,84.58,89.32,88.77,90.28,76.13,72.16,80.49,49.09,medium,0,13,4
Salamanders,17,combination,1ST COMPANY TASK FORCE + VENGEFUL HOSTS,Space Marines + Space Marines,3,,PURGE THE FOE + TAKE AND HOLD,84.45,88.24,89.79,94.78,72.87,61.69,93,47.88,medium,1,12,4
Salamanders,18,combination,HEADHUNTER TASK FORCE + VENGEFUL HOSTS,Space Marines + Space Marines,3,,PRIORITY ASSETS + TAKE AND HOLD,84.2,88.69,89.81,94.78,64.66,75.63,91.2,36.97,low,1,8,8
Salamanders,19,single,CERAMITE SENTINELS,Space Marines,3,,TAKE AND HOLD,84.01,88.44,87.65,94.78,68.43,72.04,91.2,38.18,low,0,7,4
Salamanders,20,combination,ORBITAL ASSAULT FORCE + SUBVERSION ASSETS,Space Marines + Space Marines,3,,DISRUPTION + TAKE AND HOLD,83.91,87.69,87.52,90.28,72.9,78.37,80.49,43.64,medium,0,11,6
Salamanders,21,combination,ANVIL SIEGE FORCE + SUBVERSION ASSETS,Space Marines + Space Marines,3,,DISRUPTION + TAKE AND HOLD,83.87,89.32,88.77,90.28,75.78,65.72,80.49,46.36,medium,0,12,5
Salamanders,22,combination,FIRESTORM ASSAULT FORCE + SUBVERSION ASSETS,Space Marines + Space Marines,3,,DISRUPTION + PRIORITY ASSETS,83.47,83.85,88.21,90.28,76.29,73.13,80.49,53.64,medium,1,13,3
Salamanders,23,combination,FORGEFATHER’S SEEKERS + FULGURIS TASK FORCE,Salamanders + Space Marines,3,Salamanders,PRIORITY ASSETS + RECONNAISSANCE,83.34,86.55,88.21,94.78,77.66,49.24,91.2,28.64,low,1,8,8
Salamanders,24,combination,BASTION TASK FORCE + SUBVERSION ASSETS,Space Marines + Space Marines,3,,DISRUPTION + TAKE AND HOLD,83.3,88.57,88.42,90.28,77.15,59.76,80.49,43.64,medium,0,11,6
Salamanders,25,single,STORMLANCE TASK FORCE,Space Marines,3,,DISRUPTION,83.29,87.91,87.4,94.78,58.55,86.29,91.2,43.64,medium,0,8,3
Salamanders,26,combination,VANGUARD SPEARHEAD + VENGEFUL HOSTS,Space Marines + Space Marines,3,,RECONNAISSANCE + TAKE AND HOLD,83.27,88.91,89.21,94.78,64.12,68.45,91.2,47.88,medium,1,12,4
Salamanders,27,combination,SUBVERSION ASSETS + VENGEFUL HOSTS,Space Marines + Space Marines,2,,DISRUPTION + TAKE AND HOLD,83.19,87.83,88.77,90.28,73.92,65.69,80.49,53.34,medium,1,9,2
Salamanders,28,single,1ST COMPANY TASK FORCE,Space Marines,2,,PURGE THE FOE,83.07,88.04,88.02,94.78,72.7,53.14,93,49.09,medium,0,9,2
Salamanders,29,single,ARMOURED SPEARTIP,Space Marines,3,,TAKE AND HOLD,83,87.57,87.4,94.78,58.59,84.05,91.2,43.64,medium,0,8,3
Salamanders,30,combination,1ST COMPANY TASK FORCE + SUBVERSION ASSETS,Space Marines + Space Marines,3,,DISRUPTION + PURGE THE FOE,82.61,88.86,88.79,90.28,73.75,57.14,82.29,54.55,medium,0,15,2
Salamanders,31,combination,FULGURIS TASK FORCE + IRONSTORM SPEARHEAD,Space Marines + Space Marines,3,,RECONNAISSANCE + TAKE AND HOLD,82.5,89.29,88.5,94.78,74.2,41.59,91.2,24.09,low,0,8,9
Salamanders,32,single,HEADHUNTER TASK FORCE,Space Marines,2,,PRIORITY ASSETS,82.45,88.27,87.69,94.78,56.28,81.02,91.2,27.27,low,0,5,6
Salamanders,33,combination,HEADHUNTER TASK FORCE + SUBVERSION ASSETS,Space Marines + Space Marines,3,,DISRUPTION + PRIORITY ASSETS,82.35,89.75,88.42,90.28,65.54,71.08,80.49,43.64,medium,0,11,6
Salamanders,34,combination,FULGURIS TASK FORCE + ORBITAL ASSAULT FORCE,Space Marines + Space Marines,3,,RECONNAISSANCE + TAKE AND HOLD,81.86,87.69,87.31,94.78,70.97,47.8,91.2,18.63,low,0,6,11
Salamanders,35,combination,ANVIL SIEGE FORCE + FULGURIS TASK FORCE,Space Marines + Space Marines,3,,RECONNAISSANCE + TAKE AND HOLD,81.79,89.29,88.5,94.78,73.86,35.15,91.2,21.37,low,0,7,10
Salamanders,36,combination,FULGURIS TASK FORCE + SUBVERSION ASSETS + VENGEFUL HOSTS,Space Marines + Space Marines + Space Marines,3,,DISRUPTION + RECONNAISSANCE + TAKE AND HOLD,81.61,88.82,89.29,91.78,72.93,43.79,84.06,38.89,low,1,10,7
Salamanders,37,combination,FIRESTORM ASSAULT FORCE + FULGURIS TASK FORCE,Space Marines + Space Marines,3,,PRIORITY ASSETS + RECONNAISSANCE,81.37,83.72,87.91,94.78,74.36,42.56,91.2,28.64,low,1,8,8
Salamanders,38,combination,SUBVERSION ASSETS + VANGUARD SPEARHEAD,Space Marines + Space Marines,3,,DISRUPTION + RECONNAISSANCE,81.34,89.1,88.21,90.28,65,63.91,80.49,54.55,medium,0,15,2
Salamanders,39,combination,BASTION TASK FORCE + FULGURIS TASK FORCE,Space Marines + Space Marines,3,,RECONNAISSANCE + TAKE AND HOLD,81.25,88.57,88.21,94.78,75.22,29.19,91.2,18.63,low,0,6,11
Salamanders,40,combination,FULGURIS TASK FORCE + VENGEFUL HOSTS,Space Marines + Space Marines,2,,RECONNAISSANCE + TAKE AND HOLD,81.18,88.15,88.5,94.78,71.99,35.12,91.2,28.34,low,1,4,7
Salamanders,41,single,SUBVERSION ASSETS,Space Marines,1,,DISRUPTION,80.75,86.93,86.59,85.78,74.8,61.14,69.78,60,medium,0,6,0
Salamanders,42,single,VANGUARD SPEARHEAD,Space Marines,2,,RECONNAISSANCE,80.66,87.95,87.4,94.78,55.2,66.67,91.2,49.09,medium,0,9,2
Salamanders,43,combination,1ST COMPANY TASK FORCE + FULGURIS TASK FORCE,Space Marines + Space Marines,3,,PURGE THE FOE + RECONNAISSANCE,80.54,88.87,88.55,94.78,71.82,26.57,93,29.55,low,0,10,7
Salamanders,44,combination,FULGURIS TASK FORCE + HEADHUNTER TASK FORCE,Space Marines + Space Marines,3,,PRIORITY ASSETS + RECONNAISSANCE,80.27,89.62,88.21,94.78,63.61,40.51,91.2,18.63,low,0,6,11
Salamanders,45,combination,FULGURIS TASK FORCE + VANGUARD SPEARHEAD,Space Marines + Space Marines,3,,RECONNAISSANCE,79.3,89.3,87.91,94.78,63.07,33.34,91.2,29.55,low,0,10,7
Salamanders,46,combination,FULGURIS TASK FORCE + SUBVERSION ASSETS,Space Marines + Space Marines,2,,DISRUPTION + RECONNAISSANCE,79.11,88.14,87.09,90.28,72.87,30.57,80.49,35,low,0,7,5
Salamanders,47,combination,LIBRARIUS CONCLAVE + SUBVERSION ASSETS + VENGEFUL HOSTS,Space Marines + Space Marines + Space Marines,3,,DISRUPTION + RECONNAISSANCE + TAKE AND HOLD,77.13,88.08,89.16,82.78,53.47,62.24,74.95,55.56,medium,1,15,2
Salamanders,48,single,FULGURIS TASK FORCE,Space Marines,1,,RECONNAISSANCE,76.75,87.27,86.39,94.78,70.94,0,91.2,10,low,0,1,5
Salamanders,49,combination,FORGEFATHER’S SEEKERS + LIBRARIUS CONCLAVE,Salamanders + Space Marines,3,Salamanders,PRIORITY ASSETS + RECONNAISSANCE,76.65,85.54,88.08,81.28,48.47,76.92,77.54,53.64,medium,1,13,3
Salamanders,50,combination,IRONSTORM SPEARHEAD + LIBRARIUS CONCLAVE,Space Marines + Space Marines,3,,RECONNAISSANCE + TAKE AND HOLD,75.78,88.52,88.03,81.28,45.02,69.27,77.54,49.09,medium,0,13,4
Salamanders,51,combination,FULGURIS TASK FORCE + LIBRARIUS CONCLAVE + VENGEFUL HOSTS,Space Marines + Space Marines + Space Marines,3,,RECONNAISSANCE + TAKE AND HOLD,75.76,88.29,88.89,85.78,52.18,41.86,82.09,38.89,low,1,10,7
Salamanders,52,combination,LIBRARIUS CONCLAVE + ORBITAL ASSAULT FORCE,Space Marines + Space Marines,3,,RECONNAISSANCE + TAKE AND HOLD,75.22,86.92,87.18,81.28,41.78,75.48,77.54,43.64,medium,0,11,6
Salamanders,53,combination,ANVIL SIEGE FORCE + LIBRARIUS CONCLAVE,Space Marines + Space Marines,3,,RECONNAISSANCE + TAKE AND HOLD,75.06,88.52,88.03,81.28,44.67,62.83,77.54,46.36,medium,0,12,5
Salamanders,54,combination,FIRESTORM ASSAULT FORCE + LIBRARIUS CONCLAVE,Space Marines + Space Marines,3,,PRIORITY ASSETS + RECONNAISSANCE,74.65,82.55,87.79,81.28,45.17,70.24,77.54,53.64,medium,1,13,3
Salamanders,55,combination,BASTION TASK FORCE + LIBRARIUS CONCLAVE,Space Marines + Space Marines,3,,RECONNAISSANCE + TAKE AND HOLD,74.61,87.8,88.08,81.28,46.03,56.86,77.54,43.64,medium,0,11,6
Salamanders,56,combination,LIBRARIUS CONCLAVE + VENGEFUL HOSTS,Space Marines + Space Marines,2,,RECONNAISSANCE + TAKE AND HOLD,74.46,87.41,88.03,81.28,42.8,62.8,77.54,53.34,medium,1,9,2
Salamanders,57,combination,FULGURIS TASK FORCE + LIBRARIUS CONCLAVE + SUBVERSION ASSETS,Space Marines + Space Marines + Space Marines,3,,DISRUPTION + RECONNAISSANCE,74.32,88.5,87.52,82.78,52.77,38.83,74.95,43.33,medium,0,13,5
Salamanders,58,combination,1ST COMPANY TASK FORCE + LIBRARIUS CONCLAVE,Space Marines + Space Marines,3,,PURGE THE FOE + RECONNAISSANCE,73.93,88.26,88.4,81.28,42.63,54.25,79.34,54.55,medium,0,15,2
Salamanders,59,combination,HEADHUNTER TASK FORCE + LIBRARIUS CONCLAVE,Space Marines + Space Marines,3,,PRIORITY ASSETS + RECONNAISSANCE,73.52,88.33,88.08,81.28,34.42,68.19,77.54,43.64,medium,0,11,6
Salamanders,60,combination,LIBRARIUS CONCLAVE + VANGUARD SPEARHEAD,Space Marines + Space Marines,3,,RECONNAISSANCE,72.57,88.04,87.79,81.28,33.88,61.02,77.54,54.55,medium,0,15,2
Salamanders,61,combination,LIBRARIUS CONCLAVE + SUBVERSION ASSETS,Space Marines + Space Marines,2,,DISRUPTION + RECONNAISSANCE,72.5,87.45,87,76.78,43.68,58.25,66.83,60,medium,0,12,0
Salamanders,62,combination,FULGURIS TASK FORCE + LIBRARIUS CONCLAVE,Space Marines + Space Marines,2,,RECONNAISSANCE,70.43,87.41,86.79,81.28,41.76,27.68,77.54,35,low,0,7,5
Salamanders,63,single,LIBRARIUS CONCLAVE,Space Marines,1,,RECONNAISSANCE,63.58,86.06,86.27,67.78,12.57,55.36,63.88,60,medium,0,6,0
Dark Angels,1,single,INNER CIRCLE TASK FORCE,Dark Angels,2,Dark Angels,PRIORITY ASSETS,87.31,88.14,87.5,94.53,81.72,79.93,91.27,54.55,medium,0,10,1
Dark Angels,2,single,FIRESTORM ASSAULT FORCE,Dark Angels,2,,PRIORITY ASSETS,87.07,88.14,87.5,94.53,77.91,85.17,91.27,43.64,medium,0,8,3
Dark Angels,3,single,IRONSTORM SPEARHEAD,Dark Angels,2,,TAKE AND HOLD,86.99,88.54,87.74,94.53,77.79,83.19,91.27,38.18,low,0,7,4
Dark Angels,4,combination,INNER CIRCLE TASK FORCE + VENGEFUL HOSTS,Dark Angels + Dark Angels,3,Dark Angels,PRIORITY ASSETS + TAKE AND HOLD,86.88,90.38,89.3,94.53,77.46,75.14,91.27,47.28,medium,0,14,3
Dark Angels,5,combination,IRONSTORM SPEARHEAD + VENGEFUL HOSTS,Dark Angels + Dark Angels,3,,TAKE AND HOLD,86.83,91.05,89.51,94.53,75.5,76.77,91.27,39.09,low,0,11,6
Dark Angels,6,combination,FIRESTORM ASSAULT FORCE + VENGEFUL HOSTS,Dark Angels + Dark Angels,3,,PRIORITY ASSETS + TAKE AND HOLD,86.76,90.38,89.3,94.53,75.55,77.76,91.27,41.82,low,0,12,5
Dark Angels,7,combination,UNFORGIVEN TASK FORCE + VENGEFUL HOSTS,Dark Angels + Dark Angels,3,Dark Angels,TAKE AND HOLD,86.56,91.11,90.16,94.53,72.05,79.18,91.27,33.64,low,0,9,8
Dark Angels,8,single,ORBITAL ASSAULT FORCE,Dark Angels,2,,TAKE AND HOLD,86.36,86.81,86.89,94.53,71.04,95.98,91.27,27.27,low,0,5,6
Dark Angels,9,combination,ORBITAL ASSAULT FORCE + VENGEFUL HOSTS,Dark Angels + Dark Angels,3,,TAKE AND HOLD,86.32,89.32,88.98,94.53,72.12,83.17,91.27,33.64,low,0,9,8
Dark Angels,10,single,UNFORGIVEN TASK FORCE,Dark Angels,2,Dark Angels,TAKE AND HOLD,86.26,88.6,88.38,94.53,70.9,88,91.27,27.27,low,0,5,6
Dark Angels,11,combination,ANVIL SIEGE FORCE + VENGEFUL HOSTS,Dark Angels + Dark Angels,3,,TAKE AND HOLD,86.1,91.05,89.51,94.53,75.03,70.38,91.27,36.36,low,0,10,7
Dark Angels,12,combination,1ST COMPANY TASK FORCE + VENGEFUL HOSTS,Dark Angels + Dark Angels,3,,PURGE THE FOE + TAKE AND HOLD,85.89,90.66,89.88,94.53,75.47,66.34,93.07,44.55,medium,0,13,4
Dark Angels,13,combination,BASTION TASK FORCE + VENGEFUL HOSTS,Dark Angels + Dark Angels,3,,TAKE AND HOLD,85.71,90.24,89.9,94.53,76.37,64.37,91.27,33.64,low,0,9,8
Dark Angels,14,single,GLADIUS TASK FORCE,Dark Angels,3,,PRIORITY ASSETS,85.55,88.37,87.79,94.53,69.77,85.03,91.27,32.73,low,0,6,5
Dark Angels,15,single,ANVIL SIEGE FORCE,Dark Angels,2,,TAKE AND HOLD,85.53,88.54,87.74,94.53,76.86,70.42,91.27,32.73,low,0,6,5
Dark Angels,16,combination,COMPANY OF HUNTERS + VENGEFUL HOSTS,Dark Angels + Dark Angels,3,Dark Angels,DISRUPTION + TAKE AND HOLD,85.32,90.34,89.9,94.53,68.33,76.36,91.27,39.09,low,0,11,6
Dark Angels,17,single,1ST COMPANY TASK FORCE,Dark Angels,2,,PURGE THE FOE,85,88.14,88.11,94.53,77.75,62.33,93.07,49.09,medium,0,9,2
Dark Angels,18,single,VENGEFUL HOSTS,Dark Angels,1,,TAKE AND HOLD,84.79,88.54,87.74,94.53,73.2,70.35,91.27,40,low,0,4,2
Dark Angels,19,single,BASTION TASK FORCE,Dark Angels,2,,TAKE AND HOLD,84.71,87.73,87.79,94.53,79.54,58.39,91.27,27.27,low,0,5,6
Dark Angels,20,combination,INNER CIRCLE TASK FORCE + SUBVERSION ASSETS,Dark Angels + Dark Angels,3,Dark Angels,DISRUPTION + PRIORITY ASSETS,84.67,89.66,88.31,90.03,77.94,70.4,80.56,57.28,medium,0,16,1
Dark Angels,21,combination,HEADHUNTER TASK FORCE + VENGEFUL HOSTS,Dark Angels + Dark Angels,3,,PRIORITY ASSETS + TAKE AND HOLD,84.62,90.49,89.9,94.53,64.76,76.26,91.27,33.64,low,0,9,8
Dark Angels,22,combination,FIRESTORM ASSAULT FORCE + SUBVERSION ASSETS,Dark Angels + Dark Angels,3,,DISRUPTION + PRIORITY ASSETS,84.55,89.66,88.31,90.03,76.03,73.02,80.56,51.82,medium,0,14,3
Dark Angels,23,combination,IRONSTORM SPEARHEAD + SUBVERSION ASSETS,Dark Angels + Dark Angels,3,,DISRUPTION + TAKE AND HOLD,84.53,89.42,88.87,90.03,75.97,72.03,80.56,49.09,medium,0,13,4
Dark Angels,24,combination,LION’S BLADE TASK FORCE + VENGEFUL HOSTS,Dark Angels + Dark Angels,3,Dark Angels,PURGE THE FOE + TAKE AND HOLD,84.17,91.1,89.51,94.53,62.77,75.47,91.27,41.82,low,0,12,5
Dark Angels,25,combination,SUBVERSION ASSETS + UNFORGIVEN TASK FORCE,Dark Angels + Dark Angels,3,Dark Angels,DISRUPTION + TAKE AND HOLD,84.16,89.49,89.13,90.03,72.53,74.43,80.56,43.64,medium,0,11,6
Dark Angels,26,combination,INNER CIRCLE TASK FORCE + INTERROGATION CONCLAVE,Dark Angels + Dark Angels,3,Dark Angels,PRIORITY ASSETS + TAKE AND HOLD,84.11,88.94,88.4,94.53,66.92,73.63,91.27,42.28,low,0,13,4
Dark Angels,27,combination,INTERROGATION CONCLAVE + IRONSTORM SPEARHEAD,Dark Angels + Dark Angels,3,Dark Angels,TAKE AND HOLD,84.1,89.32,88.98,94.53,64.96,75.26,91.27,34.09,low,0,10,7
Dark Angels,28,single,CERAMITE SENTINELS,Dark Angels,3,,TAKE AND HOLD,84.01,88.54,87.74,94.53,68.47,72.07,91.27,38.18,low,0,7,4
Dark Angels,29,combination,FIRESTORM ASSAULT FORCE + INTERROGATION CONCLAVE,Dark Angels + Dark Angels,3,Dark Angels,PRIORITY ASSETS + TAKE AND HOLD,83.99,88.94,88.4,94.53,65.02,76.25,91.27,36.82,low,0,11,6
Dark Angels,30,single,COMPANY OF HUNTERS,Dark Angels,2,Dark Angels,DISRUPTION,83.97,88.1,87.79,94.53,63.45,82.37,91.27,38.18,low,0,7,4
Dark Angels,31,combination,ORBITAL ASSAULT FORCE + SUBVERSION ASSETS,Dark Angels + Dark Angels,3,,DISRUPTION + TAKE AND HOLD,83.86,87.8,87.61,90.03,72.6,78.42,80.56,43.64,medium,0,11,6
Dark Angels,32,combination,ANVIL SIEGE FORCE + SUBVERSION ASSETS,Dark Angels + Dark Angels,3,,DISRUPTION + TAKE AND HOLD,83.8,89.42,88.87,90.03,75.51,65.64,80.56,46.36,medium,0,12,5
Dark Angels,33,combination,INTERROGATION CONCLAVE + UNFORGIVEN TASK FORCE,Dark Angels + Dark Angels,3,Dark Angels,TAKE AND HOLD,83.73,89.37,89.25,94.53,61.51,77.66,91.27,28.64,low,0,8,9
Dark Angels,34,combination,VANGUARD SPEARHEAD + VENGEFUL HOSTS,Dark Angels + Dark Angels,3,,RECONNAISSANCE + TAKE AND HOLD,83.54,90.27,89.3,94.53,64.18,68.52,91.27,44.55,medium,0,13,4
Dark Angels,35,combination,1ST COMPANY TASK FORCE + SUBVERSION ASSETS,Dark Angels + Dark Angels,3,,DISRUPTION + PURGE THE FOE,83.49,88.97,88.89,90.03,75.95,61.6,82.36,54.55,medium,0,15,2
Dark Angels,36,combination,SUBVERSION ASSETS + VENGEFUL HOSTS,Dark Angels + Dark Angels,2,,DISRUPTION + TAKE AND HOLD,83.43,89.42,88.87,90.03,73.68,65.6,80.56,50,medium,0,10,2
Dark Angels,37,combination,INTERROGATION CONCLAVE + ORBITAL ASSAULT FORCE,Dark Angels + Dark Angels,3,Dark Angels,TAKE AND HOLD,83.42,87.58,87.79,94.53,61.58,81.66,91.27,28.64,low,0,8,9
Dark Angels,38,combination,ANVIL SIEGE FORCE + INTERROGATION CONCLAVE,Dark Angels + Dark Angels,3,Dark Angels,TAKE AND HOLD,83.36,89.32,88.98,94.53,64.49,68.88,91.27,31.37,low,0,9,8
Dark Angels,39,single,STORMLANCE TASK FORCE,Dark Angels,3,,DISRUPTION,83.25,88.02,87.5,94.53,58.59,85.85,91.27,43.64,medium,0,8,3
Dark Angels,40,combination,BASTION TASK FORCE + SUBVERSION ASSETS,Dark Angels + Dark Angels,3,,DISRUPTION + TAKE AND HOLD,83.23,88.67,88.52,90.03,76.85,59.63,80.56,43.64,medium,0,11,6
Dark Angels,41,combination,1ST COMPANY TASK FORCE + INTERROGATION CONCLAVE,Dark Angels + Dark Angels,3,Dark Angels,PURGE THE FOE + TAKE AND HOLD,83.07,88.91,89.03,94.53,64.94,64.83,93.07,39.55,low,0,12,5
Dark Angels,42,single,ARMOURED SPEARTIP,Dark Angels,3,,TAKE AND HOLD,83.01,87.67,87.5,94.53,58.33,84.6,91.27,43.64,medium,0,8,3
Dark Angels,43,combination,INTERROGATION CONCLAVE + VENGEFUL HOSTS,Dark Angels + Dark Angels,2,Dark Angels,TAKE AND HOLD,83,89.32,88.98,94.53,62.66,68.84,91.27,35,low,0,7,5
Dark Angels,44,combination,INTERROGATION CONCLAVE + SUBVERSION ASSETS + VENGEFUL HOSTS,Dark Angels + Dark Angels + Dark Angels,3,Dark Angels,DISRUPTION + TAKE AND HOLD,82.94,90.32,89.77,91.53,66.49,66.18,84.13,43.33,medium,0,13,5
Dark Angels,45,combination,COMPANY OF HUNTERS + SUBVERSION ASSETS,Dark Angels + Dark Angels,3,Dark Angels,DISRUPTION,82.91,89.1,88.52,90.03,68.8,71.62,80.56,49.09,medium,0,13,4
Dark Angels,46,combination,BASTION TASK FORCE + INTERROGATION CONCLAVE,Dark Angels + Dark Angels,3,Dark Angels,TAKE AND HOLD,82.8,88.5,88.69,94.53,65.83,62.86,91.27,28.64,low,0,8,9
Dark Angels,47,combination,FULGURIS TASK FORCE + INNER CIRCLE TASK FORCE,Dark Angels + Dark Angels,3,Dark Angels,PRIORITY ASSETS + RECONNAISSANCE,82.64,89.5,88.01,94.53,76.35,39.97,91.27,32.28,low,0,11,6
Dark Angels,48,single,HEADHUNTER TASK FORCE,Dark Angels,2,,PRIORITY ASSETS,82.57,88.37,87.79,94.53,56.31,82.16,91.27,27.27,low,0,5,6
Dark Angels,49,combination,FULGURIS TASK FORCE + IRONSTORM SPEARHEAD,Dark Angels + Dark Angels,3,,RECONNAISSANCE + TAKE AND HOLD,82.54,89.4,88.6,94.53,74.39,41.6,91.27,24.09,low,0,8,9
Dark Angels,50,combination,FIRESTORM ASSAULT FORCE + FULGURIS TASK FORCE,Dark Angels + Dark Angels,3,,PRIORITY ASSETS + RECONNAISSANCE,82.52,89.5,88.01,94.53,74.45,42.59,91.27,26.82,low,0,9,8
Dark Angels,51,combination,COMPANY OF HUNTERS + INTERROGATION CONCLAVE,Dark Angels + Dark Angels,3,Dark Angels,DISRUPTION + TAKE AND HOLD,82.43,88.72,88.69,94.53,57.79,74.85,91.27,34.09,low,0,10,7
Dark Angels,52,combination,HEADHUNTER TASK FORCE + SUBVERSION ASSETS,Dark Angels + Dark Angels,3,,DISRUPTION + PRIORITY ASSETS,82.33,89.86,88.52,90.03,65.23,71.51,80.56,43.64,medium,0,11,6
Dark Angels,53,single,WRATH OF THE ROCK,Dark Angels,3,,PRIORITY ASSETS,82.2,88.83,88.38,94.53,52.36,83.95,91.27,38.18,low,0,7,4
Dark Angels,54,combination,FULGURIS TASK FORCE + UNFORGIVEN TASK FORCE,Dark Angels + Dark Angels,3,Dark Angels,RECONNAISSANCE + TAKE AND HOLD,82.17,89.48,88.87,94.53,70.94,44,91.27,18.63,low,0,6,11
Dark Angels,55,combination,DARK AGE ARSENAL + IRONSTORM SPEARHEAD,Dark Angels + Dark Angels,3,Dark Angels,PRIORITY ASSETS + TAKE AND HOLD,81.95,86.26,88.12,94.53,60.72,70.52,91.27,37.42,low,1,9,7
Dark Angels,56,combination,DARK AGE ARSENAL + INNER CIRCLE TASK FORCE,Dark Angels + Dark Angels,3,Dark Angels,PRIORITY ASSETS,81.92,85.29,87.88,94.53,62.69,68.89,91.27,45.61,medium,1,12,4
Dark Angels,57,combination,FULGURIS TASK FORCE + ORBITAL ASSAULT FORCE,Dark Angels + Dark Angels,3,,RECONNAISSANCE + TAKE AND HOLD,81.88,87.79,87.4,94.53,71.01,47.99,91.27,18.63,low,0,6,11
Dark Angels,58,combination,FULGURIS TASK FORCE + SUBVERSION ASSETS + VENGEFUL HOSTS,Dark Angels + Dark Angels + Dark Angels,3,,DISRUPTION + RECONNAISSANCE + TAKE AND HOLD,81.86,90.34,89.39,91.53,72.78,43.74,84.13,36.67,low,0,11,7
Dark Angels,59,combination,LION’S BLADE TASK FORCE + SUBVERSION ASSETS,Dark Angels + Dark Angels,3,Dark Angels,DISRUPTION + PURGE THE FOE,81.85,89.36,88.87,90.03,63.24,70.73,80.56,51.82,medium,0,14,3
Dark Angels,60,combination,DARK AGE ARSENAL + FIRESTORM ASSAULT FORCE,Dark Angels + Dark Angels,3,Dark Angels,PRIORITY ASSETS,81.81,85.29,87.88,94.53,60.78,71.51,91.27,40.16,low,1,10,6
Dark Angels,61,combination,ANVIL SIEGE FORCE + FULGURIS TASK FORCE,Dark Angels + Dark Angels,3,,RECONNAISSANCE + TAKE AND HOLD,81.8,89.4,88.6,94.53,73.92,35.21,91.27,21.37,low,0,7,10
Dark Angels,62,combination,HEADHUNTER TASK FORCE + INTERROGATION CONCLAVE,Dark Angels + Dark Angels,3,Dark Angels,PRIORITY ASSETS + TAKE AND HOLD,81.77,89.06,88.69,94.53,54.22,74.75,91.27,28.64,low,0,8,9
Dark Angels,63,combination,DARK AGE ARSENAL + UNFORGIVEN TASK FORCE,Dark Angels + Dark Angels,3,Dark Angels,PRIORITY ASSETS + TAKE AND HOLD,81.69,86.39,88.76,94.53,57.28,72.93,91.27,31.97,low,1,7,9
Dark Angels,64,single,LION’S BLADE TASK FORCE,Dark Angels,2,Dark Angels,PURGE THE FOE,81.65,88.58,87.74,94.53,52.33,80.6,91.27,43.64,medium,0,8,3
Dark Angels,65,combination,FULGURIS TASK FORCE + INTERROGATION CONCLAVE + VENGEFUL HOSTS,Dark Angels + Dark Angels + Dark Angels,3,Dark Angels,RECONNAISSANCE + TAKE AND HOLD,81.58,90.31,89.47,94.53,65.44,45.89,91.27,26.67,low,0,8,10
Dark Angels,66,combination,1ST COMPANY TASK FORCE + FULGURIS TASK FORCE,Dark Angels + Dark Angels,3,,PURGE THE FOE + RECONNAISSANCE,81.51,88.98,88.65,94.53,74.37,31.17,93.07,29.55,low,0,10,7
Dark Angels,67,combination,DARK AGE ARSENAL + ORBITAL ASSAULT FORCE,Dark Angels + Dark Angels,3,Dark Angels,PRIORITY ASSETS + TAKE AND HOLD,81.48,85.15,87.27,94.53,57.35,76.92,91.27,31.97,low,1,7,9
Dark Angels,68,combination,INTERROGATION CONCLAVE + LION’S BLADE TASK FORCE,Dark Angels + Dark Angels,3,Dark Angels,PURGE THE FOE + TAKE AND HOLD,81.43,89.35,88.98,94.53,52.23,73.97,91.27,36.82,low,0,11,6
Dark Angels,69,combination,FULGURIS TASK FORCE + VENGEFUL HOSTS,Dark Angels + Dark Angels,2,,RECONNAISSANCE + TAKE AND HOLD,81.43,89.4,88.6,94.53,72.09,35.17,91.27,25,low,0,5,7
Dark Angels,70,combination,DARK AGE ARSENAL + SUBVERSION ASSETS + VENGEFUL HOSTS,Dark Angels + Dark Angels + Dark Angels,3,Dark Angels,DISRUPTION + PRIORITY ASSETS + TAKE AND HOLD,81.37,87.53,89.25,91.53,63.67,63.02,84.13,45.56,medium,1,12,5
Dark Angels,71,combination,SUBVERSION ASSETS + VANGUARD SPEARHEAD,Dark Angels + Dark Angels,3,,DISRUPTION + RECONNAISSANCE,81.26,89.21,88.31,90.03,64.66,63.77,80.56,54.55,medium,0,15,2
Dark Angels,72,combination,BASTION TASK FORCE + FULGURIS TASK FORCE,Dark Angels + Dark Angels,3,,RECONNAISSANCE + TAKE AND HOLD,81.25,88.68,88.31,94.53,75.26,29.2,91.27,18.63,low,0,6,11
Dark Angels,73,combination,ANVIL SIEGE FORCE + DARK AGE ARSENAL,Dark Angels + Dark Angels,3,Dark Angels,PRIORITY ASSETS + TAKE AND HOLD,81.22,86.26,88.12,94.53,60.26,64.14,91.27,34.7,low,1,8,8
Dark Angels,74,combination,DARK AGE ARSENAL + INTERROGATION CONCLAVE + VENGEFUL HOSTS,Dark Angels + Dark Angels + Dark Angels,3,Dark Angels,PRIORITY ASSETS + TAKE AND HOLD,81.1,87.51,89.36,94.53,56.33,65.18,91.27,35.56,low,1,9,8
Dark Angels,75,combination,1ST COMPANY TASK FORCE + DARK AGE ARSENAL,Dark Angels + Dark Angels,3,Dark Angels,PRIORITY ASSETS + PURGE THE FOE,81.08,86.21,88.5,94.53,60.7,60.09,93.07,42.88,medium,1,11,5
Dark Angels,76,combination,COMPANY OF HUNTERS + FULGURIS TASK FORCE,Dark Angels + Dark Angels,3,Dark Angels,DISRUPTION + RECONNAISSANCE,80.95,89.21,88.31,94.53,67.22,41.19,91.27,24.09,low,0,8,9
Dark Angels,77,combination,DARK AGE ARSENAL + VENGEFUL HOSTS,Dark Angels + Dark Angels,2,Dark Angels,PRIORITY ASSETS + TAKE AND HOLD,80.85,86.26,88.12,94.53,58.43,64.1,91.27,38.34,low,1,6,5
Dark Angels,78,combination,BASTION TASK FORCE + DARK AGE ARSENAL,Dark Angels + Dark Angels,3,Dark Angels,PRIORITY ASSETS + TAKE AND HOLD,80.81,85.83,88.18,94.53,61.6,58.12,91.27,31.97,low,1,7,9
Dark Angels,79,combination,INTERROGATION CONCLAVE + VANGUARD SPEARHEAD,Dark Angels + Dark Angels,3,Dark Angels,RECONNAISSANCE + TAKE AND HOLD,80.73,88.67,88.4,94.53,53.65,67.01,91.27,39.55,low,0,12,5
Dark Angels,80,single,VANGUARD SPEARHEAD,Dark Angels,2,,RECONNAISSANCE,80.66,88.05,87.5,94.53,55.17,66.68,91.27,49.09,medium,0,9,2
Dark Angels,81,single,SUBVERSION ASSETS,Dark Angels,1,,DISRUPTION,80.6,87.04,86.7,85.53,74.16,60.86,69.84,60,medium,0,6,0
Dark Angels,82,combination,INTERROGATION CONCLAVE + SUBVERSION ASSETS,Dark Angels + Dark Angels,2,Dark Angels,DISRUPTION + TAKE AND HOLD,80.53,87.8,87.61,90.03,63.14,64.1,80.56,45,medium,0,9,3
Dark Angels,83,combination,COMPANY OF HUNTERS + DARK AGE ARSENAL,Dark Angels + Dark Angels,3,Dark Angels,DISRUPTION + PRIORITY ASSETS,80.37,85.69,88.18,94.53,53.55,70.11,91.27,37.42,low,1,9,7
Dark Angels,84,combination,FULGURIS TASK FORCE + HEADHUNTER TASK FORCE,Dark Angels + Dark Angels,3,,PRIORITY ASSETS + RECONNAISSANCE,80.33,89.72,88.31,94.53,63.65,41.08,91.27,18.63,low,0,6,11
Dark Angels,85,combination,DARK AGE ARSENAL + FULGURIS TASK FORCE + VENGEFUL HOSTS,Dark Angels + Dark Angels + Dark Angels,3,Dark Angels,PRIORITY ASSETS + RECONNAISSANCE + TAKE AND HOLD,79.98,87.36,88.98,94.53,62.61,42.73,91.27,28.89,low,1,7,10
Dark Angels,86,combination,FULGURIS TASK FORCE + LION’S BLADE TASK FORCE,Dark Angels + Dark Angels,3,Dark Angels,PURGE THE FOE + RECONNAISSANCE,79.85,89.37,88.6,94.53,61.66,40.3,91.27,26.82,low,0,9,8
Dark Angels,87,combination,FULGURIS TASK FORCE + INTERROGATION CONCLAVE + SUBVERSION ASSETS,Dark Angels + Dark Angels + Dark Angels,3,Dark Angels,DISRUPTION + RECONNAISSANCE + TAKE AND HOLD,79.72,88.76,88.13,91.53,65.76,42.73,84.13,33.33,low,0,10,8
Dark Angels,88,single,INTERROGATION CONCLAVE,Dark Angels,1,Dark Angels,TAKE AND HOLD,79.71,86.81,86.89,94.53,52.12,67.33,91.27,30,low,0,3,3
Dark Angels,89,combination,DARK AGE ARSENAL + HEADHUNTER TASK FORCE,Dark Angels + Dark Angels,3,Dark Angels,PRIORITY ASSETS,79.6,85.45,88.18,94.53,49.98,70.01,91.27,31.97,low,1,7,9
Dark Angels,90,combination,DARK AGE ARSENAL + INTERROGATION CONCLAVE + SUBVERSION ASSETS,Dark Angels + Dark Angels + Dark Angels,3,Dark Angels,DISRUPTION + PRIORITY ASSETS + TAKE AND HOLD,79.33,86.46,88,91.53,56.64,62.01,84.13,42.22,medium,1,11,6
Dark Angels,91,combination,DARK AGE ARSENAL + LION’S BLADE TASK FORCE,Dark Angels + Dark Angels,3,Dark Angels,PRIORITY ASSETS + PURGE THE FOE,79.32,86.48,88.12,94.53,47.99,69.22,91.27,40.16,low,1,10,6
Dark Angels,92,combination,FULGURIS TASK FORCE + VANGUARD SPEARHEAD,Dark Angels + Dark Angels,3,,RECONNAISSANCE,79.3,89.41,88.01,94.53,63.08,33.34,91.27,29.55,low,0,10,7
Dark Angels,93,combination,FULGURIS TASK FORCE + SUBVERSION ASSETS,Dark Angels + Dark Angels,2,,DISRUPTION + RECONNAISSANCE,79.04,88.25,87.19,90.03,72.57,30.43,80.56,35,low,0,7,5
Dark Angels,94,combination,DARKFLIGHT PURSUIT + SUBVERSION ASSETS + VENGEFUL HOSTS,Dark Angels + Dark Angels + Dark Angels,3,Dark Angels,DISRUPTION + RECONNAISSANCE + TAKE AND HOLD,79.03,90.34,89.39,79.53,65.11,60.16,73.46,43.33,medium,0,13,5
Dark Angels,95,combination,DARKFLIGHT PURSUIT + INTERROGATION CONCLAVE + VENGEFUL HOSTS,Dark Angels + Dark Angels + Dark Angels,3,Dark Angels,RECONNAISSANCE + TAKE AND HOLD,78.75,90.31,89.47,82.53,57.76,62.32,80.6,33.33,low,0,10,8
Dark Angels,96,combination,DARK AGE ARSENAL + VANGUARD SPEARHEAD,Dark Angels + Dark Angels,3,Dark Angels,PRIORITY ASSETS + RECONNAISSANCE,78.63,85.42,87.88,94.53,49.41,62.27,91.27,42.88,medium,1,11,5
Dark Angels,97,combination,FULGURIS TASK FORCE + INTERROGATION CONCLAVE,Dark Angels + Dark Angels,2,Dark Angels,RECONNAISSANCE + TAKE AND HOLD,78.56,87.79,87.4,94.53,61.56,33.67,91.27,20,low,0,4,8
Dark Angels,98,combination,DARK AGE ARSENAL + SUBVERSION ASSETS,Dark Angels + Dark Angels,2,Dark Angels,DISRUPTION + PRIORITY ASSETS,78.53,85.04,87.1,90.03,58.9,59.36,80.56,48.34,medium,1,8,3
Dark Angels,99,combination,DARKFLIGHT PURSUIT + INNER CIRCLE TASK FORCE,Dark Angels + Dark Angels,3,Dark Angels,PRIORITY ASSETS + RECONNAISSANCE,78.4,89.5,88.01,76.53,64.85,64.61,75.27,42.28,low,0,13,4
Dark Angels,100,combination,LIBRARIUS CONCLAVE + SUBVERSION ASSETS + VENGEFUL HOSTS,Dark Angels + Dark Angels + Dark Angels,3,,DISRUPTION + RECONNAISSANCE + TAKE AND HOLD,78.35,89.6,89.25,85.53,54.6,62.89,76.13,53.33,medium,0,16,2
Dark Angels,101,combination,DARKFLIGHT PURSUIT + IRONSTORM SPEARHEAD,Dark Angels + Dark Angels,3,Dark Angels,RECONNAISSANCE + TAKE AND HOLD,78.3,89.4,88.6,76.53,62.88,66.24,75.27,34.09,low,0,10,7
Dark Angels,102,combination,DARKFLIGHT PURSUIT + FIRESTORM ASSAULT FORCE,Dark Angels + Dark Angels,3,Dark Angels,PRIORITY ASSETS + RECONNAISSANCE,78.28,89.5,88.01,76.53,62.94,67.22,75.27,36.82,low,0,11,6
Dark Angels,103,combination,DARK AGE ARSENAL + FULGURIS TASK FORCE + SUBVERSION ASSETS,Dark Angels + Dark Angels + Dark Angels,3,Dark Angels,DISRUPTION + PRIORITY ASSETS + RECONNAISSANCE,78.2,86.22,87.61,91.53,62.93,39.57,84.13,35.56,low,1,9,8
Dark Angels,104,combination,DARK AGE ARSENAL + INTERROGATION CONCLAVE,Dark Angels + Dark Angels,2,Dark Angels,PRIORITY ASSETS + TAKE AND HOLD,78.15,85.15,87.27,94.53,47.89,62.59,91.27,33.34,low,1,5,6
Dark Angels,105,combination,INTERROGATION CONCLAVE + LIBRARIUS CONCLAVE + VENGEFUL HOSTS,Dark Angels + Dark Angels + Dark Angels,3,Dark Angels,RECONNAISSANCE + TAKE AND HOLD,78.07,89.54,89.36,88.53,47.26,65.04,83.27,43.33,medium,0,13,5
Dark Angels,106,combination,DARK AGE ARSENAL + FULGURIS TASK FORCE + INTERROGATION CONCLAVE,Dark Angels + Dark Angels + Dark Angels,3,Dark Angels,PRIORITY ASSETS + RECONNAISSANCE + TAKE AND HOLD,77.96,86.26,87.79,94.53,55.59,41.73,91.27,25.56,low,1,6,11
Dark Angels,107,combination,DARKFLIGHT PURSUIT + UNFORGIVEN TASK FORCE,Dark Angels + Dark Angels,3,Dark Angels,RECONNAISSANCE + TAKE AND HOLD,77.93,89.48,88.87,76.53,59.44,68.64,75.27,28.64,low,0,8,9
Dark Angels,108,combination,DARKFLIGHT PURSUIT + FULGURIS TASK FORCE + VENGEFUL HOSTS,Dark Angels + Dark Angels + Dark Angels,3,Dark Angels,RECONNAISSANCE + TAKE AND HOLD,77.65,90.24,89.08,82.53,64.05,39.88,80.6,26.67,low,0,8,10
Dark Angels,109,combination,DARKFLIGHT PURSUIT + ORBITAL ASSAULT FORCE,Dark Angels + Dark Angels,3,Dark Angels,RECONNAISSANCE + TAKE AND HOLD,77.64,87.79,87.4,76.53,59.51,72.63,75.27,28.64,low,0,8,9
Dark Angels,110,combination,ANVIL SIEGE FORCE + DARKFLIGHT PURSUIT,Dark Angels + Dark Angels,3,Dark Angels,RECONNAISSANCE + TAKE AND HOLD,77.57,89.4,88.6,76.53,62.41,59.85,75.27,31.37,low,0,9,8
Dark Angels,111,combination,INNER CIRCLE TASK FORCE + LIBRARIUS CONCLAVE,Dark Angels + Dark Angels,3,Dark Angels,PRIORITY ASSETS + RECONNAISSANCE,77.37,88.21,87.88,85.53,49.08,68.69,79.27,57.28,medium,0,16,1
Dark Angels,112,combination,IRONSTORM SPEARHEAD + LIBRARIUS CONCLAVE,Dark Angels + Dark Angels,3,,RECONNAISSANCE + TAKE AND HOLD,77.28,88.63,88.12,85.53,47.12,70.32,79.27,49.09,medium,0,13,4
Dark Angels,113,combination,1ST COMPANY TASK FORCE + DARKFLIGHT PURSUIT,Dark Angels + Dark Angels,3,Dark Angels,PURGE THE FOE + RECONNAISSANCE,77.27,88.98,88.65,76.53,62.86,55.81,77.07,39.55,low,0,12,5
Dark Angels,114,combination,FIRESTORM ASSAULT FORCE + LIBRARIUS CONCLAVE,Dark Angels + Dark Angels,3,,PRIORITY ASSETS + RECONNAISSANCE,77.25,88.21,87.88,85.53,47.18,71.31,79.27,51.82,medium,0,14,3
Dark Angels,115,combination,DARKFLIGHT PURSUIT + VENGEFUL HOSTS,Dark Angels + Dark Angels,2,Dark Angels,RECONNAISSANCE + TAKE AND HOLD,77.2,89.4,88.6,76.53,60.59,59.82,75.27,35,low,0,7,5
Dark Angels,116,combination,DARK AGE ARSENAL + DARKFLIGHT PURSUIT + VENGEFUL HOSTS,Dark Angels + Dark Angels + Dark Angels,3,Dark Angels,PRIORITY ASSETS + RECONNAISSANCE + TAKE AND HOLD,77.16,87.36,88.98,82.53,54.94,59.16,80.6,35.56,low,1,9,8
Dark Angels,117,combination,BASTION TASK FORCE + DARKFLIGHT PURSUIT,Dark Angels + Dark Angels,3,Dark Angels,RECONNAISSANCE + TAKE AND HOLD,77.02,88.68,88.31,76.53,63.76,53.84,75.27,28.64,low,0,8,9
Dark Angels,118,combination,LIBRARIUS CONCLAVE + UNFORGIVEN TASK FORCE,Dark Angels + Dark Angels,3,Dark Angels,RECONNAISSANCE + TAKE AND HOLD,77.01,88.71,88.76,85.53,43.67,72.72,79.27,43.64,medium,0,11,6
Dark Angels,119,combination,FULGURIS TASK FORCE + LIBRARIUS CONCLAVE + VENGEFUL HOSTS,Dark Angels + Dark Angels + Dark Angels,3,,RECONNAISSANCE + TAKE AND HOLD,76.98,89.47,88.98,88.53,53.54,42.6,83.27,36.67,low,0,11,7
Dark Angels,120,combination,DARKFLIGHT PURSUIT + INTERROGATION CONCLAVE + SUBVERSION ASSETS,Dark Angels + Dark Angels + Dark Angels,3,Dark Angels,DISRUPTION + RECONNAISSANCE + TAKE AND HOLD,76.9,88.76,88.13,79.53,58.08,59.16,73.46,40,low,0,12,6
Dark Angels,121,single,FULGURIS TASK FORCE,Dark Angels,1,,RECONNAISSANCE,76.76,87.37,86.49,94.53,70.99,0,91.27,10,low,0,1,5
Dark Angels,122,combination,LIBRARIUS CONCLAVE + ORBITAL ASSAULT FORCE,Dark Angels + Dark Angels,3,,RECONNAISSANCE + TAKE AND HOLD,76.71,87.02,87.27,85.53,43.74,76.72,79.27,43.64,medium,0,11,6
Dark Angels,123,combination,COMPANY OF HUNTERS + DARKFLIGHT PURSUIT,Dark Angels + Dark Angels,3,Dark Angels,DISRUPTION + RECONNAISSANCE,76.71,89.21,88.31,76.53,55.71,65.83,75.27,34.09,low,0,10,7
Dark Angels,124,combination,ANVIL SIEGE FORCE + LIBRARIUS CONCLAVE,Dark Angels + Dark Angels,3,,RECONNAISSANCE + TAKE AND HOLD,76.55,88.63,88.12,85.53,46.65,63.94,79.27,46.36,medium,0,12,5
Dark Angels,125,combination,DARK AGE ARSENAL + FULGURIS TASK FORCE,Dark Angels + Dark Angels,2,Dark Angels,PRIORITY ASSETS + RECONNAISSANCE,76.51,84.83,86.89,94.53,57.32,28.93,91.27,23.34,low,1,3,8
Dark Angels,126,combination,1ST COMPANY TASK FORCE + LIBRARIUS CONCLAVE,Dark Angels + Dark Angels,3,,PURGE THE FOE + RECONNAISSANCE,76.37,88.37,88.5,85.53,47.09,59.89,81.07,54.55,medium,0,15,2
Dark Angels,127,combination,DARK AGE ARSENAL + LIBRARIUS CONCLAVE + VENGEFUL HOSTS,Dark Angels + Dark Angels + Dark Angels,3,Dark Angels,PRIORITY ASSETS + RECONNAISSANCE + TAKE AND HOLD,76.32,86.26,88.5,88.53,44.43,61.88,83.27,45.56,medium,1,12,5
Dark Angels,128,single,DARK AGE ARSENAL,Dark Angels,1,Dark Angels,PRIORITY ASSETS,76.26,83.42,86.35,94.53,43.65,57.85,91.27,36.67,low,1,2,3
Dark Angels,129,combination,INTERROGATION CONCLAVE + LIBRARIUS CONCLAVE + SUBVERSION ASSETS,Dark Angels + Dark Angels + Dark Angels,3,Dark Angels,DISRUPTION + RECONNAISSANCE + TAKE AND HOLD,76.22,88.02,88,85.53,47.57,61.88,76.13,50,medium,0,15,3
Dark Angels,130,combination,LIBRARIUS CONCLAVE + VENGEFUL HOSTS,Dark Angels + Dark Angels,2,,RECONNAISSANCE + TAKE AND HOLD,76.18,88.63,88.12,85.53,44.82,63.9,79.27,50,medium,0,10,2
Dark Angels,131,combination,BASTION TASK FORCE + LIBRARIUS CONCLAVE,Dark Angels + Dark Angels,3,,RECONNAISSANCE + TAKE AND HOLD,76.09,87.91,88.18,85.53,47.99,57.92,79.27,43.64,medium,0,11,6
Dark Angels,132,combination,DARKFLIGHT PURSUIT + HEADHUNTER TASK FORCE,Dark Angels + Dark Angels,3,Dark Angels,PRIORITY ASSETS + RECONNAISSANCE,76.09,89.72,88.31,76.53,52.14,65.72,75.27,28.64,low,0,8,9
Dark Angels,133,combination,DARKFLIGHT PURSUIT + FULGURIS TASK FORCE + SUBVERSION ASSETS,Dark Angels + Dark Angels + Dark Angels,3,Dark Angels,DISRUPTION + RECONNAISSANCE,75.9,89.29,87.68,79.53,64.37,36.71,73.46,33.33,low,0,10,8
Dark Angels,134,combination,COMPANY OF HUNTERS + LIBRARIUS CONCLAVE,Dark Angels + Dark Angels,3,Dark Angels,DISRUPTION + RECONNAISSANCE,75.77,88.38,88.18,85.53,39.95,69.91,79.27,49.09,medium,0,13,4
Dark Angels,135,combination,DARKFLIGHT PURSUIT + LION’S BLADE TASK FORCE,Dark Angels + Dark Angels,3,Dark Angels,PURGE THE FOE + RECONNAISSANCE,75.62,89.37,88.6,76.53,50.15,64.94,75.27,36.82,low,0,11,6
Dark Angels,136,combination,DARKFLIGHT PURSUIT + FULGURIS TASK FORCE + INTERROGATION CONCLAVE,Dark Angels + Dark Angels + Dark Angels,3,Dark Angels,RECONNAISSANCE + TAKE AND HOLD,75.54,88.63,87.92,82.53,57.03,38.87,80.6,23.33,low,0,7,11
Dark Angels,137,combination,DARK AGE ARSENAL + DARKFLIGHT PURSUIT + SUBVERSION ASSETS,Dark Angels + Dark Angels + Dark Angels,3,Dark Angels,DISRUPTION + PRIORITY ASSETS + RECONNAISSANCE,75.38,86.22,87.61,79.53,55.26,56,73.46,42.22,medium,1,11,6
Dark Angels,138,combination,FULGURIS TASK FORCE + LIBRARIUS CONCLAVE + SUBVERSION ASSETS,Dark Angels + Dark Angels + Dark Angels,3,,DISRUPTION + RECONNAISSANCE,75.25,88.61,87.61,85.53,53.86,39.44,76.13,43.33,medium,0,13,5
Dark Angels,139,combination,DARK AGE ARSENAL + DARKFLIGHT PURSUIT + INTERROGATION CONCLAVE,Dark Angels + Dark Angels + Dark Angels,3,Dark Angels,PRIORITY ASSETS + RECONNAISSANCE + TAKE AND HOLD,75.14,86.26,87.79,82.53,47.92,58.15,80.6,32.22,low,1,8,9
Dark Angels,140,combination,DARKFLIGHT PURSUIT + VANGUARD SPEARHEAD,Dark Angels + Dark Angels,3,Dark Angels,RECONNAISSANCE,75.07,89.41,88.01,76.53,51.57,57.98,75.27,39.55,low,0,12,5
Dark Angels,141,combination,HEADHUNTER TASK FORCE + LIBRARIUS CONCLAVE,Dark Angels + Dark Angels,3,,PRIORITY ASSETS + RECONNAISSANCE,75.06,88.43,88.18,85.53,36.38,69.81,79.27,43.64,medium,0,11,6
Dark Angels,142,combination,FULGURIS TASK FORCE + INTERROGATION CONCLAVE + LIBRARIUS CONCLAVE,Dark Angels + Dark Angels + Dark Angels,3,Dark Angels,RECONNAISSANCE + TAKE AND HOLD,74.85,87.86,87.79,88.53,46.52,41.59,83.27,33.33,low,0,10,8
Dark Angels,143,combination,DARKFLIGHT PURSUIT + SUBVERSION ASSETS,Dark Angels + Dark Angels,2,Dark Angels,DISRUPTION + RECONNAISSANCE,74.8,88.25,87.19,72.03,61.06,55.07,64.56,45,medium,0,9,3
Dark Angels,144,combination,DARK AGE ARSENAL + LIBRARIUS CONCLAVE + SUBVERSION ASSETS,Dark Angels + Dark Angels + Dark Angels,3,Dark Angels,DISRUPTION + PRIORITY ASSETS + RECONNAISSANCE,74.64,85.16,87.48,85.53,44.75,58.72,76.13,52.22,medium,1,14,3
Dark Angels,145,combination,LIBRARIUS CONCLAVE + LION’S BLADE TASK FORCE,Dark Angels + Dark Angels,3,Dark Angels,PURGE THE FOE + RECONNAISSANCE,74.63,88.75,88.12,85.53,34.39,69.03,79.27,51.82,medium,0,14,3
Dark Angels,146,combination,DARK AGE ARSENAL + INTERROGATION CONCLAVE + LIBRARIUS CONCLAVE,Dark Angels + Dark Angels + Dark Angels,3,Dark Angels,PRIORITY ASSETS + RECONNAISSANCE + TAKE AND HOLD,74.38,85.15,87.65,88.53,37.41,60.88,83.27,42.22,medium,1,11,6
Dark Angels,147,combination,DARKFLIGHT PURSUIT + INTERROGATION CONCLAVE,Dark Angels + Dark Angels,2,Dark Angels,RECONNAISSANCE + TAKE AND HOLD,74.32,87.79,87.4,76.53,50.05,58.31,75.27,30,low,0,6,6
Dark Angels,148,combination,DARKFLIGHT PURSUIT + LIBRARIUS CONCLAVE + VENGEFUL HOSTS,Dark Angels + Dark Angels + Dark Angels,3,Dark Angels,RECONNAISSANCE + TAKE AND HOLD,74.15,89.47,88.98,76.53,45.87,59.03,72.6,43.33,medium,0,13,5
Dark Angels,149,combination,LIBRARIUS CONCLAVE + VANGUARD SPEARHEAD,Dark Angels + Dark Angels,3,,RECONNAISSANCE,74.04,88.15,87.88,85.53,35.8,62.07,79.27,54.55,medium,0,15,2
Dark Angels,150,combination,DARK AGE ARSENAL + DARKFLIGHT PURSUIT + FULGURIS TASK FORCE,Dark Angels + Dark Angels + Dark Angels,3,Dark Angels,PRIORITY ASSETS + RECONNAISSANCE,74.01,86.05,87.4,82.53,54.2,35.71,80.6,25.56,low,1,6,11
Dark Angels,151,combination,LIBRARIUS CONCLAVE + SUBVERSION ASSETS,Dark Angels + Dark Angels,2,,DISRUPTION + RECONNAISSANCE,73.89,87.56,87.1,81.03,45.3,59.16,68.56,60,medium,0,12,0
Dark Angels,152,combination,INTERROGATION CONCLAVE + LIBRARIUS CONCLAVE,Dark Angels + Dark Angels,2,Dark Angels,RECONNAISSANCE + TAKE AND HOLD,73.39,87.02,87.27,85.53,34.28,62.39,79.27,45,medium,0,9,3
Dark Angels,153,combination,DARK AGE ARSENAL + FULGURIS TASK FORCE + LIBRARIUS CONCLAVE,Dark Angels + Dark Angels + Dark Angels,3,Dark Angels,PRIORITY ASSETS + RECONNAISSANCE,73.25,84.92,87.27,88.53,43.69,38.43,83.27,35.56,low,1,9,8
Dark Angels,154,combination,DARKFLIGHT PURSUIT + FULGURIS TASK FORCE,Dark Angels + Dark Angels,2,Dark Angels,RECONNAISSANCE,72.91,88.69,86.98,76.53,59.48,24.64,75.27,20,low,0,4,8
Dark Angels,155,combination,DARKFLIGHT PURSUIT + LIBRARIUS CONCLAVE + SUBVERSION ASSETS,Dark Angels + Dark Angels + Dark Angels,3,Dark Angels,DISRUPTION + RECONNAISSANCE,72.43,88.61,87.61,73.53,46.19,55.86,65.46,50,medium,0,15,3
Dark Angels,156,combination,DARK AGE ARSENAL + DARKFLIGHT PURSUIT,Dark Angels + Dark Angels,2,Dark Angels,PRIORITY ASSETS + RECONNAISSANCE,72.28,84.83,86.89,76.53,45.81,53.57,75.27,33.34,low,1,5,6
Dark Angels,157,combination,DARKFLIGHT PURSUIT + INTERROGATION CONCLAVE + LIBRARIUS CONCLAVE,Dark Angels + Dark Angels + Dark Angels,3,Dark Angels,RECONNAISSANCE + TAKE AND HOLD,72.03,87.86,87.79,76.53,38.85,58.02,72.6,40,low,0,12,6
Dark Angels,158,combination,FULGURIS TASK FORCE + LIBRARIUS CONCLAVE,Dark Angels + Dark Angels,2,,RECONNAISSANCE,71.91,87.51,86.89,85.53,43.72,28.73,79.27,35,low,0,7,5
Dark Angels,159,combination,DARK AGE ARSENAL + LIBRARIUS CONCLAVE,Dark Angels + Dark Angels,2,Dark Angels,PRIORITY ASSETS + RECONNAISSANCE,71.26,83.66,86.73,85.53,30.05,57.65,79.27,48.34,medium,1,8,3
Dark Angels,160,combination,DARKFLIGHT PURSUIT + FULGURIS TASK FORCE + LIBRARIUS CONCLAVE,Dark Angels + Dark Angels + Dark Angels,3,Dark Angels,RECONNAISSANCE,71.15,88.87,87.4,76.53,45.13,35.58,72.6,33.33,low,0,10,8
Dark Angels,161,combination,DARK AGE ARSENAL + DARKFLIGHT PURSUIT + LIBRARIUS CONCLAVE,Dark Angels + Dark Angels + Dark Angels,3,Dark Angels,PRIORITY ASSETS + RECONNAISSANCE,70.43,84.92,87.27,76.53,36.02,54.86,72.6,42.22,medium,1,11,6
Dark Angels,162,single,DARKFLIGHT PURSUIT,Dark Angels,1,Dark Angels,RECONNAISSANCE,68.29,87.37,86.49,58.53,47.97,49.28,59.27,30,low,0,3,3
Dark Angels,163,combination,DARKFLIGHT PURSUIT + LIBRARIUS CONCLAVE,Dark Angels + Dark Angels,2,Dark Angels,RECONNAISSANCE,67.67,87.51,86.89,67.53,32.21,53.37,63.27,45,medium,0,9,3
Dark Angels,164,single,LIBRARIUS CONCLAVE,Dark Angels,1,,RECONNAISSANCE,66.52,86.16,86.35,76.53,16.44,57.45,67.27,60,medium,0,6,0
Blood Angels,1,single,LIBERATOR ASSAULT GROUP,Blood Angels,3,Blood Angels,TAKE AND HOLD,87.48,88.6,87.46,94.38,79.59,85.35,91.4,27.27,low,0,5,6
Blood Angels,2,single,FIRESTORM ASSAULT FORCE,Blood Angels,2,,PRIORITY ASSETS,86.9,87.98,87.25,94.38,77.6,85.21,91.4,43.64,medium,0,8,3
Blood Angels,3,single,IRONSTORM SPEARHEAD,Blood Angels,2,,TAKE AND HOLD,86.89,88.6,87.46,94.38,77.83,82.92,91.4,38.18,low,0,7,4
Blood Angels,4,combination,IRONSTORM SPEARHEAD + VENGEFUL HOSTS,Blood Angels + Blood Angels,3,,TAKE AND HOLD,86.75,91.15,89.23,94.38,75.51,76.67,91.4,39.09,low,0,11,6
Blood Angels,5,combination,FIRESTORM ASSAULT FORCE + VENGEFUL HOSTS,Blood Angels + Blood Angels,3,,PRIORITY ASSETS + TAKE AND HOLD,86.64,90.4,89.02,94.38,75.39,77.82,91.4,41.82,low,0,12,5
Blood Angels,6,single,RAGE-CURSED ONSLAUGHT,Blood Angels,3,Blood Angels,PURGE THE FOE,86.58,88.78,88.11,94.38,75.31,82.85,91.4,27.27,low,0,5,6
Blood Angels,7,combination,THE ANGELIC HOST + VENGEFUL HOSTS,Blood Angels + Blood Angels,3,Blood Angels,DISRUPTION + TAKE AND HOLD,86.37,90.85,90.25,94.38,75.77,69.44,93.2,41.82,low,0,12,5
Blood Angels,8,combination,ORBITAL ASSAULT FORCE + VENGEFUL HOSTS,Blood Angels + Blood Angels,3,,TAKE AND HOLD,86.17,89.44,88.76,94.38,72.13,82.16,91.4,33.64,low,0,9,8
Blood Angels,9,single,ORBITAL ASSAULT FORCE,Blood Angels,2,,TAKE AND HOLD,86.15,86.93,86.88,94.38,71.07,93.89,91.4,27.27,low,0,5,6
Blood Angels,10,combination,ANVIL SIEGE FORCE + VENGEFUL HOSTS,Blood Angels + Blood Angels,3,,TAKE AND HOLD,86.01,91.15,89.23,94.38,75.04,70.21,91.4,36.36,low,0,10,7
Blood Angels,11,single,THE ANGELIC HOST,Blood Angels,2,Blood Angels,DISRUPTION,85.84,88.43,88.4,94.38,78.35,68.47,93.2,43.64,medium,0,8,3
Blood Angels,12,combination,BASTION TASK FORCE + VENGEFUL HOSTS,Blood Angels + Blood Angels,3,,TAKE AND HOLD,85.65,90.37,89.67,94.38,76.38,64.41,91.4,33.64,low,0,9,8
Blood Angels,13,single,GLADIUS TASK FORCE,Blood Angels,3,,PRIORITY ASSETS,85.5,88.22,87.79,94.38,69.8,85.07,91.4,32.73,low,0,6,5
Blood Angels,14,single,ANVIL SIEGE FORCE,Blood Angels,2,,TAKE AND HOLD,85.41,88.6,87.46,94.38,76.9,70,91.4,32.73,low,0,6,5
Blood Angels,15,combination,ENCARMINE SPEARTIP + IRONSTORM SPEARHEAD,Blood Angels + Blood Angels,3,Blood Angels,DISRUPTION + TAKE AND HOLD,85.1,89.52,88.88,94.38,70.26,74.72,91.4,34.09,low,0,10,7
Blood Angels,16,combination,ENCARMINE SPEARTIP + FIRESTORM ASSAULT FORCE,Blood Angels + Blood Angels,3,Blood Angels,DISRUPTION + PRIORITY ASSETS,85.05,89.54,88.3,94.38,70.14,75.87,91.4,36.82,low,0,11,6
Blood Angels,17,combination,THE LOST BRETHREN + VENGEFUL HOSTS,Blood Angels + Blood Angels,3,Blood Angels,PURGE THE FOE + TAKE AND HOLD,84.94,90.41,89.67,94.38,74.16,61.64,91.4,33.64,low,0,9,8
Blood Angels,18,combination,1ST COMPANY TASK FORCE + VENGEFUL HOSTS,Blood Angels + Blood Angels,3,,PURGE THE FOE + TAKE AND HOLD,84.88,90.83,89.66,94.38,72.42,62.82,93.2,44.55,medium,0,13,4
Blood Angels,19,combination,IRONSTORM SPEARHEAD + LEGACY OF GRACE,Blood Angels + Blood Angels,3,Blood Angels,PRIORITY ASSETS + TAKE AND HOLD,84.82,87.34,89.23,94.38,76.47,63.06,91.4,47.43,medium,1,11,5
Blood Angels,20,combination,IRONSTORM SPEARHEAD + WRATH OF THE DOOMED,Blood Angels + Blood Angels,3,Blood Angels,PURGE THE FOE + TAKE AND HOLD,84.81,89.52,88.76,94.38,74.39,63.96,91.4,34.09,low,0,10,7
Blood Angels,21,combination,FIRESTORM ASSAULT FORCE + WRATH OF THE DOOMED,Blood Angels + Blood Angels,3,Blood Angels,PRIORITY ASSETS + PURGE THE FOE,84.79,89.38,88.39,94.38,74.28,65.1,91.4,36.82,low,0,11,6
Blood Angels,22,single,BASTION TASK FORCE,Blood Angels,2,,TAKE AND HOLD,84.72,87.85,87.79,94.38,79.58,58.4,91.4,27.27,low,0,5,6
Blood Angels,23,single,VENGEFUL HOSTS,Blood Angels,1,,TAKE AND HOLD,84.71,88.6,87.46,94.38,73.19,70.42,91.4,40,low,0,4,2
Blood Angels,24,combination,STORMLANCE TASK FORCE + VENGEFUL HOSTS,Blood Angels + Blood Angels,3,,DISRUPTION + TAKE AND HOLD,84.68,90.38,89.02,94.38,65.9,77.19,91.4,41.82,low,0,12,5
Blood Angels,25,combination,FIRESTORM ASSAULT FORCE + LEGACY OF GRACE,Blood Angels + Blood Angels,3,Blood Angels,PRIORITY ASSETS,84.61,86.1,89.02,94.38,76.36,64.21,91.4,50.16,medium,1,12,4
Blood Angels,26,single,ANGELIC INHERITORS,Blood Angels,3,Blood Angels,PRIORITY ASSETS,84.59,88.22,87.79,94.38,71.86,71.81,91.4,32.73,low,0,6,5
Blood Angels,27,combination,ENCARMINE SPEARTIP + THE ANGELIC HOST,Blood Angels + Blood Angels,3,Blood Angels,DISRUPTION,84.58,89.49,89.15,94.38,70.52,67.5,93.2,36.82,low,0,11,6
Blood Angels,28,combination,HEADHUNTER TASK FORCE + VENGEFUL HOSTS,Blood Angels + Blood Angels,3,,PRIORITY ASSETS + TAKE AND HOLD,84.55,90.52,89.67,94.38,64.76,76.36,91.4,33.64,low,0,9,8
Blood Angels,29,combination,LEGACY OF GRACE + THE ANGELIC HOST,Blood Angels + Blood Angels,3,Blood Angels,DISRUPTION + PRIORITY ASSETS,84.38,86.75,90.25,94.38,76.73,55.84,93.2,50.16,medium,1,12,4
Blood Angels,30,combination,LEGACY OF GRACE + ORBITAL ASSAULT FORCE,Blood Angels + Blood Angels,3,Blood Angels,PRIORITY ASSETS + TAKE AND HOLD,84.37,86.29,88.76,94.38,73.09,68.55,91.4,41.97,medium,1,9,7
Blood Angels,31,combination,ANVIL SIEGE FORCE + ENCARMINE SPEARTIP,Blood Angels + Blood Angels,3,Blood Angels,DISRUPTION + TAKE AND HOLD,84.36,89.52,88.88,94.38,69.79,68.27,91.4,31.37,low,0,9,8
Blood Angels,32,combination,THE ANGELIC HOST + WRATH OF THE DOOMED,Blood Angels + Blood Angels,3,Blood Angels,DISRUPTION + PURGE THE FOE,84.35,89.39,89.32,94.38,74.65,56.74,93.2,36.82,low,0,11,6
Blood Angels,33,combination,ENCARMINE SPEARTIP + ORBITAL ASSAULT FORCE,Blood Angels + Blood Angels,3,Blood Angels,DISRUPTION + TAKE AND HOLD,84.34,87.9,87.66,94.38,66.88,80.21,91.4,28.64,low,0,8,9
Blood Angels,34,combination,ORBITAL ASSAULT FORCE + WRATH OF THE DOOMED,Blood Angels + Blood Angels,3,Blood Angels,PURGE THE FOE + TAKE AND HOLD,84.09,87.77,87.78,94.38,71.01,69.44,91.4,28.64,low,0,8,9
Blood Angels,35,combination,ANVIL SIEGE FORCE + LEGACY OF GRACE,Blood Angels + Blood Angels,3,Blood Angels,PRIORITY ASSETS + TAKE AND HOLD,84.08,87.34,89.23,94.38,76.01,56.6,91.4,44.7,medium,1,10,6
Blood Angels,36,combination,ANVIL SIEGE FORCE + WRATH OF THE DOOMED,Blood Angels + Blood Angels,3,Blood Angels,PURGE THE FOE + TAKE AND HOLD,84.08,89.52,88.76,94.38,73.93,57.5,91.4,31.37,low,0,9,8
Blood Angels,37,combination,ENCARMINE SPEARTIP + VENGEFUL HOSTS,Blood Angels + Blood Angels,2,Blood Angels,DISRUPTION + TAKE AND HOLD,84.01,89.52,88.88,94.38,67.94,68.47,91.4,35,low,0,7,5
Blood Angels,38,combination,IRONSTORM SPEARHEAD + SUBVERSION ASSETS,Blood Angels + Blood Angels,3,,DISRUPTION + TAKE AND HOLD,83.98,89.52,88.88,89.88,73.2,72.09,80.69,49.09,medium,0,13,4
Blood Angels,39,single,CERAMITE SENTINELS,Blood Angels,3,,TAKE AND HOLD,83.94,88.6,87.46,94.38,68.5,72.09,91.4,38.18,low,0,7,4
Blood Angels,40,combination,FIRESTORM ASSAULT FORCE + SUBVERSION ASSETS,Blood Angels + Blood Angels,3,,DISRUPTION + PRIORITY ASSETS,83.93,89.54,88.3,89.88,73.08,73.23,80.69,51.82,medium,0,14,3
Blood Angels,41,combination,ENCARMINE SPEARTIP + LEGACY OF GRACE + VENGEFUL HOSTS,Blood Angels + Blood Angels + Blood Angels,3,Blood Angels,DISRUPTION + PRIORITY ASSETS + TAKE AND HOLD,83.91,88.47,90.8,94.38,70.33,60.05,91.4,42.22,medium,1,11,6
Blood Angels,42,combination,BASTION TASK FORCE + ENCARMINE SPEARTIP,Blood Angels + Blood Angels,3,Blood Angels,DISRUPTION + TAKE AND HOLD,83.82,88.78,88.57,94.38,71.13,62.47,91.4,28.64,low,0,8,9
Blood Angels,43,combination,BASTION TASK FORCE + LEGACY OF GRACE,Blood Angels + Blood Angels,3,Blood Angels,PRIORITY ASSETS + TAKE AND HOLD,83.81,86.99,89.67,94.38,77.35,50.8,91.4,41.97,medium,1,9,7
Blood Angels,44,combination,ENCARMINE SPEARTIP + VENGEFUL HOSTS + WRATH OF THE DOOMED,Blood Angels + Blood Angels + Blood Angels,3,Blood Angels,DISRUPTION + PURGE THE FOE + TAKE AND HOLD,83.81,90.33,89.76,94.38,68.94,60.65,91.4,33.33,low,0,10,8
Blood Angels,45,combination,LEGACY OF GRACE + VENGEFUL HOSTS + WRATH OF THE DOOMED,Blood Angels + Blood Angels + Blood Angels,3,Blood Angels,PRIORITY ASSETS + PURGE THE FOE + TAKE AND HOLD,83.75,88.83,90.53,94.38,73.09,52.87,91.4,42.22,medium,1,11,6
Blood Angels,46,combination,LEGACY OF GRACE + VENGEFUL HOSTS,Blood Angels + Blood Angels,2,Blood Angels,PRIORITY ASSETS + TAKE AND HOLD,83.73,87.34,89.23,94.38,74.15,56.81,91.4,48.34,medium,1,8,3
Blood Angels,47,combination,VENGEFUL HOSTS + WRATH OF THE DOOMED,Blood Angels + Blood Angels,2,Blood Angels,PURGE THE FOE + TAKE AND HOLD,83.73,89.52,88.76,94.38,72.07,57.71,91.4,35,low,0,7,5
Blood Angels,48,combination,BASTION TASK FORCE + WRATH OF THE DOOMED,Blood Angels + Blood Angels,3,Blood Angels,PURGE THE FOE + TAKE AND HOLD,83.57,88.67,88.68,94.38,75.27,51.7,91.4,28.64,low,0,8,9
Blood Angels,49,combination,SUBVERSION ASSETS + THE ANGELIC HOST,Blood Angels + Blood Angels,3,Blood Angels,DISRUPTION,83.47,89.49,89.15,89.88,73.46,64.86,82.49,51.82,medium,0,14,3
Blood Angels,50,combination,VANGUARD SPEARHEAD + VENGEFUL HOSTS,Blood Angels + Blood Angels,3,,RECONNAISSANCE + TAKE AND HOLD,83.29,90.35,89.02,94.38,63.89,67.4,91.4,44.55,medium,0,13,4
Blood Angels,51,single,THE LOST BRETHREN,Blood Angels,2,Blood Angels,PURGE THE FOE,83.29,87.91,87.79,94.38,75.14,52.85,91.4,27.27,low,0,5,6
Blood Angels,52,combination,ANVIL SIEGE FORCE + SUBVERSION ASSETS,Blood Angels + Blood Angels,3,,DISRUPTION + TAKE AND HOLD,83.25,89.52,88.88,89.88,72.73,65.63,80.69,46.36,medium,0,12,5
Blood Angels,53,combination,ORBITAL ASSAULT FORCE + SUBVERSION ASSETS,Blood Angels + Blood Angels,3,,DISRUPTION + TAKE AND HOLD,83.23,87.9,87.66,89.88,69.82,77.57,80.69,43.64,medium,0,11,6
Blood Angels,54,combination,ENCARMINE SPEARTIP + SUBVERSION ASSETS + VENGEFUL HOSTS,Blood Angels + Blood Angels + Blood Angels,3,Blood Angels,DISRUPTION + TAKE AND HOLD,83.22,90.38,89.68,91.38,68.15,66.07,84.26,43.33,medium,0,13,5
Blood Angels,55,combination,LEGACY OF GRACE + SUBVERSION ASSETS + VENGEFUL HOSTS,Blood Angels + Blood Angels + Blood Angels,3,Blood Angels,DISRUPTION + PRIORITY ASSETS + TAKE AND HOLD,83.17,88.47,90.8,91.38,72.29,58.29,84.26,52.22,medium,1,14,3
Blood Angels,56,combination,1ST COMPANY TASK FORCE + ENCARMINE SPEARTIP,Blood Angels + Blood Angels,3,Blood Angels,DISRUPTION + PURGE THE FOE,83.11,89.11,88.94,94.38,67.16,60.87,93.2,39.55,low,0,12,5
Blood Angels,57,combination,ENCARMINE SPEARTIP + THE LOST BRETHREN,Blood Angels + Blood Angels,3,Blood Angels,DISRUPTION + PURGE THE FOE,83.09,88.76,88.57,94.38,68.91,59.69,91.4,28.64,low,0,8,9
Blood Angels,58,combination,SUBVERSION ASSETS + VENGEFUL HOSTS + WRATH OF THE DOOMED,Blood Angels + Blood Angels + Blood Angels,3,Blood Angels,DISRUPTION + PURGE THE FOE + TAKE AND HOLD,83.07,90.33,89.76,91.38,70.9,58.89,84.26,43.33,medium,0,13,5
Blood Angels,59,combination,LEGACY OF GRACE + THE LOST BRETHREN,Blood Angels + Blood Angels,3,Blood Angels,PRIORITY ASSETS + PURGE THE FOE,83.06,86.84,89.67,94.38,75.13,48.03,91.4,41.97,medium,1,9,7
Blood Angels,60,single,1ST COMPANY TASK FORCE,Blood Angels,2,,PURGE THE FOE,83.04,88.35,87.95,94.38,71.64,55.21,93.2,49.09,medium,0,9,2
Blood Angels,61,combination,ENCARMINE SPEARTIP + STORMLANCE TASK FORCE,Blood Angels + Blood Angels,3,Blood Angels,DISRUPTION,83,89.1,88.3,94.38,60.65,75.25,91.4,36.82,low,0,11,6
Blood Angels,62,single,STORMLANCE TASK FORCE,Blood Angels,2,,DISRUPTION,82.97,87.97,87.25,94.38,58.61,83.96,91.4,43.64,medium,0,8,3
Blood Angels,63,combination,1ST COMPANY TASK FORCE + LEGACY OF GRACE,Blood Angels + Blood Angels,3,Blood Angels,PRIORITY ASSETS + PURGE THE FOE,82.95,87,89.66,94.38,73.38,49.21,93.2,52.88,medium,1,13,3
Blood Angels,64,combination,SUBVERSION ASSETS + VENGEFUL HOSTS,Blood Angels + Blood Angels,2,,DISRUPTION + TAKE AND HOLD,82.89,89.52,88.88,89.88,70.88,65.84,80.69,50,medium,0,10,2
Blood Angels,65,combination,1ST COMPANY TASK FORCE + WRATH OF THE DOOMED,Blood Angels + Blood Angels,3,Blood Angels,PURGE THE FOE,82.89,89.14,89,94.38,71.3,50.11,93.2,39.55,low,0,12,5
Blood Angels,66,combination,ENCARMINE SPEARTIP + HEADHUNTER TASK FORCE,Blood Angels + Blood Angels,3,Blood Angels,DISRUPTION + PRIORITY ASSETS,82.88,89.75,88.57,94.38,59.51,74.41,91.4,28.64,low,0,8,9
Blood Angels,67,combination,THE LOST BRETHREN + WRATH OF THE DOOMED,Blood Angels + Blood Angels,3,Blood Angels,PURGE THE FOE,82.86,88.71,88.68,94.38,73.05,48.93,91.4,28.64,low,0,8,9
Blood Angels,68,single,ARMOURED SPEARTIP,Blood Angels,3,,TAKE AND HOLD,82.75,87.8,87.25,94.38,57.59,84.1,91.4,43.64,medium,0,8,3
Blood Angels,69,combination,STORMLANCE TASK FORCE + WRATH OF THE DOOMED,Blood Angels + Blood Angels,3,Blood Angels,DISRUPTION + PURGE THE FOE,82.74,88.94,88.39,94.38,64.78,64.48,91.4,36.82,low,0,11,6
Blood Angels,70,combination,BASTION TASK FORCE + SUBVERSION ASSETS,Blood Angels + Blood Angels,3,,DISRUPTION + TAKE AND HOLD,82.71,88.78,88.57,89.88,74.07,59.83,80.69,43.64,medium,0,11,6
Blood Angels,71,combination,LEGACY OF GRACE + STORMLANCE TASK FORCE,Blood Angels + Blood Angels,3,Blood Angels,DISRUPTION + PRIORITY ASSETS,82.7,86.33,89.02,94.38,66.86,63.58,91.4,50.16,medium,1,12,4
Blood Angels,72,combination,HEADHUNTER TASK FORCE + WRATH OF THE DOOMED,Blood Angels + Blood Angels,3,Blood Angels,PRIORITY ASSETS + PURGE THE FOE,82.61,89.51,88.68,94.38,63.65,63.65,91.4,28.64,low,0,8,9
Blood Angels,73,combination,HEADHUNTER TASK FORCE + LEGACY OF GRACE,Blood Angels + Blood Angels,3,Blood Angels,PRIORITY ASSETS,82.55,86.31,89.67,94.38,65.73,62.75,91.4,41.97,medium,1,9,7
Blood Angels,74,single,HEADHUNTER TASK FORCE,Blood Angels,2,,PRIORITY ASSETS,82.53,88.22,87.79,94.38,56.34,82.29,91.4,27.27,low,0,5,6
Blood Angels,75,combination,FULGURIS TASK FORCE + IRONSTORM SPEARHEAD,Blood Angels + Blood Angels,3,,RECONNAISSANCE + TAKE AND HOLD,82.47,89.48,88.38,94.38,74.42,41.46,91.4,24.09,low,0,8,9
Blood Angels,76,combination,FIRESTORM ASSAULT FORCE + FULGURIS TASK FORCE,Blood Angels + Blood Angels,3,,PRIORITY ASSETS + RECONNAISSANCE,82.44,89.37,88,94.38,74.31,42.61,91.4,26.82,low,0,9,8
Blood Angels,77,combination,ENCARMINE SPEARTIP + LEGACY OF GRACE + WRATH OF THE DOOMED,Blood Angels + Blood Angels + Blood Angels,3,Blood Angels,DISRUPTION + PRIORITY ASSETS + PURGE THE FOE,82.4,87.2,89.76,94.38,69.59,51.58,91.4,38.89,low,1,10,7
Blood Angels,78,combination,ENCARMINE SPEARTIP + FULGURIS TASK FORCE + VENGEFUL HOSTS,Blood Angels + Blood Angels + Blood Angels,3,Blood Angels,DISRUPTION + RECONNAISSANCE + TAKE AND HOLD,82.23,90.42,89.38,94.38,68.96,45.65,91.4,26.67,low,0,8,10
Blood Angels,79,combination,ENCARMINE SPEARTIP + LEGACY OF GRACE,Blood Angels + Blood Angels,2,Blood Angels,DISRUPTION + PRIORITY ASSETS,82.1,85.82,88.88,94.38,68.9,54.87,91.4,43.34,medium,1,7,4
Blood Angels,80,combination,FULGURIS TASK FORCE + VENGEFUL HOSTS + WRATH OF THE DOOMED,Blood Angels + Blood Angels + Blood Angels,3,Blood Angels,PURGE THE FOE + RECONNAISSANCE + TAKE AND HOLD,82.07,90.31,89.48,94.38,71.72,38.47,91.4,26.67,low,0,8,10
Blood Angels,81,combination,FULGURIS TASK FORCE + LEGACY OF GRACE + VENGEFUL HOSTS,Blood Angels + Blood Angels + Blood Angels,3,Blood Angels,PRIORITY ASSETS + RECONNAISSANCE + TAKE AND HOLD,82.06,88.35,90.15,94.38,73.11,37.87,91.4,35.56,low,1,9,8
Blood Angels,82,combination,FULGURIS TASK FORCE + THE ANGELIC HOST,Blood Angels + Blood Angels,3,Blood Angels,DISRUPTION + RECONNAISSANCE,82.04,89.52,88.94,94.38,74.68,34.24,93.2,26.82,low,0,9,8
Blood Angels,83,combination,1ST COMPANY TASK FORCE + SUBVERSION ASSETS,Blood Angels + Blood Angels,3,,DISRUPTION + PURGE THE FOE,82,89.11,88.94,89.88,70.1,58.23,82.49,54.55,medium,0,15,2
Blood Angels,84,combination,SUBVERSION ASSETS + THE LOST BRETHREN,Blood Angels + Blood Angels,3,Blood Angels,DISRUPTION + PURGE THE FOE,81.98,88.76,88.57,89.88,71.85,57.05,80.69,43.64,medium,0,11,6
Blood Angels,85,combination,LEGACY OF GRACE + WRATH OF THE DOOMED,Blood Angels + Blood Angels,2,Blood Angels,PRIORITY ASSETS + PURGE THE FOE,81.89,86.16,88.76,94.38,73.04,44.1,91.4,43.34,medium,1,7,4
Blood Angels,86,combination,ENCARMINE SPEARTIP + WRATH OF THE DOOMED,Blood Angels + Blood Angels,2,Blood Angels,DISRUPTION + PURGE THE FOE,81.89,87.94,87.66,94.38,66.82,55.77,91.4,30,low,0,6,6
Blood Angels,87,combination,STORMLANCE TASK FORCE + SUBVERSION ASSETS,Blood Angels + Blood Angels,3,,DISRUPTION,81.88,89.1,88.3,89.88,63.59,72.6,80.69,51.82,medium,0,14,3
Blood Angels,88,combination,ENCARMINE SPEARTIP + LEGACY OF GRACE + SUBVERSION ASSETS,Blood Angels + Blood Angels + Blood Angels,3,Blood Angels,DISRUPTION + PRIORITY ASSETS,81.79,87.12,89.68,91.38,68.79,56.99,84.26,48.89,medium,1,13,4
Blood Angels,89,combination,HEADHUNTER TASK FORCE + SUBVERSION ASSETS,Blood Angels + Blood Angels,3,,DISRUPTION + PRIORITY ASSETS,81.77,89.75,88.57,89.88,62.45,71.77,80.69,43.64,medium,0,11,6
Blood Angels,90,combination,FULGURIS TASK FORCE + ORBITAL ASSAULT FORCE,Blood Angels + Blood Angels,3,,RECONNAISSANCE + TAKE AND HOLD,81.77,87.87,87.4,94.38,71.04,46.95,91.4,18.63,low,0,6,11
Blood Angels,91,single,ENCARMINE SPEARTIP,Blood Angels,1,Blood Angels,DISRUPTION,81.75,87.11,86.75,94.38,62.69,66.53,91.4,30,low,0,3,3
Blood Angels,92,combination,ANVIL SIEGE FORCE + FULGURIS TASK FORCE,Blood Angels + Blood Angels,3,,RECONNAISSANCE + TAKE AND HOLD,81.73,89.48,88.38,94.38,73.96,35,91.4,21.37,low,0,7,10
Blood Angels,93,combination,LEGACY OF GRACE + SUBVERSION ASSETS + WRATH OF THE DOOMED,Blood Angels + Blood Angels + Blood Angels,3,Blood Angels,DISRUPTION + PRIORITY ASSETS + PURGE THE FOE,81.66,87.2,89.76,91.38,71.55,49.82,84.26,48.89,medium,1,13,4
Blood Angels,94,combination,ENCARMINE SPEARTIP + VANGUARD SPEARHEAD,Blood Angels + Blood Angels,3,Blood Angels,DISRUPTION + RECONNAISSANCE,81.64,89.22,88.3,94.38,58.64,65.46,91.4,39.55,low,0,12,5
Blood Angels,95,combination,ENCARMINE SPEARTIP + SUBVERSION ASSETS + WRATH OF THE DOOMED,Blood Angels + Blood Angels + Blood Angels,3,Blood Angels,DISRUPTION + PURGE THE FOE,81.57,88.7,88.39,91.38,67.4,57.59,84.26,40,low,0,12,6
Blood Angels,96,single,LEGACY OF GRACE,Blood Angels,1,Blood Angels,PRIORITY ASSETS,81.51,84.28,87.46,94.38,75.12,43.2,91.4,56.67,medium,1,4,1
Blood Angels,97,combination,FULGURIS TASK FORCE + SUBVERSION ASSETS + VENGEFUL HOSTS,Blood Angels + Blood Angels + Blood Angels,3,,DISRUPTION + RECONNAISSANCE + TAKE AND HOLD,81.49,90.42,89.38,91.38,70.92,43.89,84.26,36.67,low,0,11,7
Blood Angels,98,combination,FULGURIS TASK FORCE + VENGEFUL HOSTS,Blood Angels + Blood Angels,2,,RECONNAISSANCE + TAKE AND HOLD,81.38,89.48,88.38,94.38,72.1,35.21,91.4,25,low,0,5,7
Blood Angels,99,combination,VANGUARD SPEARHEAD + WRATH OF THE DOOMED,Blood Angels + Blood Angels,3,Blood Angels,PURGE THE FOE + RECONNAISSANCE,81.35,88.93,88.39,94.38,62.78,54.69,91.4,39.55,low,0,12,5
Blood Angels,100,combination,LEGACY OF GRACE + VANGUARD SPEARHEAD,Blood Angels + Blood Angels,3,Blood Angels,PRIORITY ASSETS + RECONNAISSANCE,81.33,86.37,89.02,94.38,64.86,53.79,91.4,52.88,medium,1,13,3
Blood Angels,101,single,WRATH OF THE DOOMED,Blood Angels,1,Blood Angels,PURGE THE FOE,81.26,87.03,86.88,94.38,70.96,45,91.4,30,low,0,3,3
Blood Angels,102,combination,BASTION TASK FORCE + FULGURIS TASK FORCE,Blood Angels + Blood Angels,3,,RECONNAISSANCE + TAKE AND HOLD,81.25,88.76,88.3,94.38,75.3,29.2,91.4,18.63,low,0,6,11
Blood Angels,103,combination,ENCARMINE SPEARTIP + SUBVERSION ASSETS,Blood Angels + Blood Angels,2,Blood Angels,DISRUPTION,81.01,88.12,87.45,89.88,65.63,63.89,80.69,45,medium,0,9,3
Blood Angels,104,combination,LEGACY OF GRACE + SUBVERSION ASSETS,Blood Angels + Blood Angels,2,Blood Angels,DISRUPTION + PRIORITY ASSETS,80.99,85.82,88.88,89.88,71.84,52.23,80.69,58.34,medium,1,10,1
Blood Angels,105,combination,SUBVERSION ASSETS + WRATH OF THE DOOMED,Blood Angels + Blood Angels,2,Blood Angels,DISRUPTION + PURGE THE FOE,80.78,87.94,87.66,89.88,69.76,53.13,80.69,45,medium,0,9,3
Blood Angels,106,combination,ENCARMINE SPEARTIP + FULGURIS TASK FORCE + LEGACY OF GRACE,Blood Angels + Blood Angels + Blood Angels,3,Blood Angels,DISRUPTION + PRIORITY ASSETS + RECONNAISSANCE,80.78,87.04,89.38,94.38,69.61,36.58,91.4,32.22,low,1,8,9
Blood Angels,107,combination,FULGURIS TASK FORCE + LEGACY OF GRACE + WRATH OF THE DOOMED,Blood Angels + Blood Angels + Blood Angels,3,Blood Angels,PRIORITY ASSETS + PURGE THE FOE + RECONNAISSANCE,80.66,87.14,89.48,94.38,72.36,29.4,91.4,32.22,low,1,8,9
Blood Angels,108,combination,ENCARMINE SPEARTIP + FULGURIS TASK FORCE + WRATH OF THE DOOMED,Blood Angels + Blood Angels + Blood Angels,3,Blood Angels,DISRUPTION + PURGE THE FOE + RECONNAISSANCE,80.65,88.98,88.18,94.38,68.22,37.18,91.4,23.33,low,0,7,11
Blood Angels,109,combination,1ST COMPANY TASK FORCE + FULGURIS TASK FORCE,Blood Angels + Blood Angels,3,,PURGE THE FOE + RECONNAISSANCE,80.54,89.1,88.62,94.38,71.33,27.61,93.2,29.55,low,0,10,7
Blood Angels,110,combination,SUBVERSION ASSETS + VANGUARD SPEARHEAD,Blood Angels + Blood Angels,3,,DISRUPTION + RECONNAISSANCE,80.53,89.22,88.3,89.88,61.58,62.82,80.69,54.55,medium,0,15,2
Blood Angels,111,combination,FULGURIS TASK FORCE + THE LOST BRETHREN,Blood Angels + Blood Angels,3,Blood Angels,PURGE THE FOE + RECONNAISSANCE,80.53,88.76,88.3,94.38,73.08,26.43,91.4,18.63,low,0,6,11
Blood Angels,112,combination,FULGURIS TASK FORCE + STORMLANCE TASK FORCE,Blood Angels + Blood Angels,3,,DISRUPTION + RECONNAISSANCE,80.43,89.11,88,94.38,64.81,41.98,91.4,26.82,low,0,9,8
Blood Angels,113,combination,FULGURIS TASK FORCE + HEADHUNTER TASK FORCE,Blood Angels + Blood Angels,3,,PRIORITY ASSETS + RECONNAISSANCE,80.29,89.59,88.3,94.38,63.68,41.15,91.4,18.63,low,0,6,11
Blood Angels,114,single,VANGUARD SPEARHEAD,Blood Angels,2,,RECONNAISSANCE,80.2,87.93,87.25,94.38,54.6,64.38,91.4,49.09,medium,0,9,2
Blood Angels,115,combination,ENCARMINE SPEARTIP + FULGURIS TASK FORCE + SUBVERSION ASSETS,Blood Angels + Blood Angels + Blood Angels,3,Blood Angels,DISRUPTION + RECONNAISSANCE,80.11,89.43,87.94,91.38,67.42,42.59,84.26,33.33,low,0,10,8
Blood Angels,116,combination,FULGURIS TASK FORCE + LEGACY OF GRACE + SUBVERSION ASSETS,Blood Angels + Blood Angels + Blood Angels,3,Blood Angels,DISRUPTION + PRIORITY ASSETS + RECONNAISSANCE,80.04,87.04,89.38,91.38,71.57,34.82,84.26,42.22,medium,1,11,6
Blood Angels,117,combination,FULGURIS TASK FORCE + SUBVERSION ASSETS + WRATH OF THE DOOMED,Blood Angels + Blood Angels + Blood Angels,3,Blood Angels,DISRUPTION + PURGE THE FOE + RECONNAISSANCE,79.91,88.98,88.18,91.38,70.18,35.42,84.26,33.33,low,0,10,8
Blood Angels,118,combination,ENCARMINE SPEARTIP + FULGURIS TASK FORCE,Blood Angels + Blood Angels,2,Blood Angels,DISRUPTION + RECONNAISSANCE,79.61,88.27,87.24,94.38,66.85,33.27,91.4,20,low,0,4,8
Blood Angels,119,single,SUBVERSION ASSETS,Blood Angels,1,,DISRUPTION,79.52,87.11,86.75,85.38,68.57,61.25,69.98,60,medium,0,6,0
Blood Angels,120,combination,FULGURIS TASK FORCE + LEGACY OF GRACE,Blood Angels + Blood Angels,2,Blood Angels,PRIORITY ASSETS + RECONNAISSANCE,79.46,85.71,88.38,94.38,73.07,21.6,91.4,33.34,low,1,5,6
Blood Angels,121,combination,FULGURIS TASK FORCE + WRATH OF THE DOOMED,Blood Angels + Blood Angels,2,Blood Angels,PURGE THE FOE + RECONNAISSANCE,79.33,87.94,87.4,94.38,70.99,22.5,91.4,20,low,0,4,8
Blood Angels,122,combination,FULGURIS TASK FORCE + VANGUARD SPEARHEAD,Blood Angels + Blood Angels,3,,RECONNAISSANCE,79.09,89.29,88,94.38,62.81,32.19,91.4,29.55,low,0,10,7
Blood Angels,123,combination,FULGURIS TASK FORCE + SUBVERSION ASSETS,Blood Angels + Blood Angels,2,,DISRUPTION + RECONNAISSANCE,78.5,88.27,87.24,89.88,69.79,30.63,80.69,35,low,0,7,5
Blood Angels,124,combination,ENCARMINE SPEARTIP + LIBRARIUS CONCLAVE + VENGEFUL HOSTS,Blood Angels + Blood Angels + Blood Angels,3,Blood Angels,DISRUPTION + RECONNAISSANCE + TAKE AND HOLD,77.64,89.68,89.27,85.38,49.37,63.22,82.29,43.33,medium,0,13,5
Blood Angels,125,combination,LIBRARIUS CONCLAVE + VENGEFUL HOSTS + WRATH OF THE DOOMED,Blood Angels + Blood Angels + Blood Angels,3,Blood Angels,PURGE THE FOE + RECONNAISSANCE + TAKE AND HOLD,77.45,89.69,89.15,85.38,52.13,56.05,82.29,43.33,medium,0,13,5
Blood Angels,126,combination,LEGACY OF GRACE + LIBRARIUS CONCLAVE + VENGEFUL HOSTS,Blood Angels + Blood Angels + Blood Angels,3,Blood Angels,PRIORITY ASSETS + RECONNAISSANCE + TAKE AND HOLD,77.33,87.45,89.62,85.38,53.52,55.45,82.29,52.22,medium,1,14,3
Blood Angels,127,combination,LIBRARIUS CONCLAVE + SUBVERSION ASSETS + VENGEFUL HOSTS,Blood Angels + Blood Angels + Blood Angels,3,,DISRUPTION + RECONNAISSANCE + TAKE AND HOLD,76.9,89.68,89.27,82.38,51.33,61.46,75.15,53.33,medium,0,16,2
Blood Angels,128,single,FULGURIS TASK FORCE,Blood Angels,1,,RECONNAISSANCE,76.73,87.29,86.49,94.38,71.01,0,91.4,10,low,0,1,5
Blood Angels,129,combination,ENCARMINE SPEARTIP + LEGACY OF GRACE + LIBRARIUS CONCLAVE,Blood Angels + Blood Angels + Blood Angels,3,Blood Angels,DISRUPTION + PRIORITY ASSETS + RECONNAISSANCE,76.15,86.14,89.27,85.38,50.02,54.15,82.29,48.89,medium,1,13,4
Blood Angels,130,combination,ENCARMINE SPEARTIP + LIBRARIUS CONCLAVE + WRATH OF THE DOOMED,Blood Angels + Blood Angels + Blood Angels,3,Blood Angels,DISRUPTION + PURGE THE FOE + RECONNAISSANCE,76.1,88.46,88.05,85.38,48.63,54.75,82.29,40,low,0,12,6
Blood Angels,131,combination,LEGACY OF GRACE + LIBRARIUS CONCLAVE + WRATH OF THE DOOMED,Blood Angels + Blood Angels + Blood Angels,3,Blood Angels,PRIORITY ASSETS + PURGE THE FOE + RECONNAISSANCE,76,86.33,89.15,85.38,52.77,46.97,82.29,48.89,medium,1,13,4
Blood Angels,132,combination,FULGURIS TASK FORCE + LIBRARIUS CONCLAVE + VENGEFUL HOSTS,Blood Angels + Blood Angels + Blood Angels,3,,RECONNAISSANCE + TAKE AND HOLD,75.83,89.55,88.76,85.38,52.15,41.05,82.29,36.67,low,0,11,7
Blood Angels,133,combination,ENCARMINE SPEARTIP + LIBRARIUS CONCLAVE + SUBVERSION ASSETS,Blood Angels + Blood Angels + Blood Angels,3,Blood Angels,DISRUPTION + RECONNAISSANCE,75.54,88.75,87.87,82.38,47.83,60.17,75.15,50,medium,0,15,3
Blood Angels,134,combination,IRONSTORM SPEARHEAD + LIBRARIUS CONCLAVE,Blood Angels + Blood Angels,3,,RECONNAISSANCE + TAKE AND HOLD,75.53,88.61,87.84,80.88,45.04,67.82,77.74,49.09,medium,0,13,4
Blood Angels,135,combination,FIRESTORM ASSAULT FORCE + LIBRARIUS CONCLAVE,Blood Angels + Blood Angels,3,,PRIORITY ASSETS + RECONNAISSANCE,75.47,88.08,87.63,80.88,44.92,68.97,77.74,51.82,medium,0,14,3
Blood Angels,136,combination,LEGACY OF GRACE + LIBRARIUS CONCLAVE + SUBVERSION ASSETS,Blood Angels + Blood Angels + Blood Angels,3,Blood Angels,DISRUPTION + PRIORITY ASSETS + RECONNAISSANCE,75.41,86.14,89.27,82.38,51.98,52.39,75.15,58.89,medium,1,16,1
Blood Angels,137,combination,LIBRARIUS CONCLAVE + SUBVERSION ASSETS + WRATH OF THE DOOMED,Blood Angels + Blood Angels + Blood Angels,3,Blood Angels,DISRUPTION + PURGE THE FOE + RECONNAISSANCE,75.35,88.46,88.05,82.38,50.59,52.99,75.15,50,medium,0,15,3
Blood Angels,138,combination,LIBRARIUS CONCLAVE + THE ANGELIC HOST,Blood Angels + Blood Angels,3,Blood Angels,DISRUPTION + RECONNAISSANCE,75.18,88.56,88.78,80.88,45.3,60.6,79.54,51.82,medium,0,14,3
Blood Angels,139,combination,LIBRARIUS CONCLAVE + ORBITAL ASSAULT FORCE,Blood Angels + Blood Angels,3,,RECONNAISSANCE + TAKE AND HOLD,74.96,87.1,87.26,80.88,41.66,73.31,77.74,43.64,medium,0,11,6
Blood Angels,140,combination,ANVIL SIEGE FORCE + LIBRARIUS CONCLAVE,Blood Angels + Blood Angels,3,,RECONNAISSANCE + TAKE AND HOLD,74.8,88.61,87.84,80.88,44.58,61.36,77.74,46.36,medium,0,12,5
Blood Angels,141,combination,ENCARMINE SPEARTIP + FULGURIS TASK FORCE + LIBRARIUS CONCLAVE,Blood Angels + Blood Angels + Blood Angels,3,Blood Angels,DISRUPTION + RECONNAISSANCE,74.54,88.63,87.66,85.38,48.65,39.75,82.29,33.33,low,0,10,8
Blood Angels,142,combination,LIBRARIUS CONCLAVE + VENGEFUL HOSTS,Blood Angels + Blood Angels,2,,RECONNAISSANCE + TAKE AND HOLD,74.45,88.61,87.84,80.88,42.72,61.57,77.74,50,medium,0,10,2
Blood Angels,143,combination,BASTION TASK FORCE + LIBRARIUS CONCLAVE,Blood Angels + Blood Angels,3,,RECONNAISSANCE + TAKE AND HOLD,74.44,87.99,88.17,80.88,45.91,55.56,77.74,43.64,medium,0,11,6
Blood Angels,144,combination,FULGURIS TASK FORCE + LEGACY OF GRACE + LIBRARIUS CONCLAVE,Blood Angels + Blood Angels + Blood Angels,3,Blood Angels,PRIORITY ASSETS + RECONNAISSANCE,74.32,85.91,88.76,85.38,52.79,31.97,82.29,42.22,medium,1,11,6
Blood Angels,145,combination,FULGURIS TASK FORCE + LIBRARIUS CONCLAVE + WRATH OF THE DOOMED,Blood Angels + Blood Angels + Blood Angels,3,Blood Angels,PURGE THE FOE + RECONNAISSANCE,74.31,88.17,87.78,85.38,51.41,32.57,82.29,33.33,low,0,10,8
Blood Angels,146,combination,FULGURIS TASK FORCE + LIBRARIUS CONCLAVE + SUBVERSION ASSETS,Blood Angels + Blood Angels + Blood Angels,3,,DISRUPTION + RECONNAISSANCE,73.8,88.63,87.66,82.38,50.61,37.99,75.15,43.33,medium,0,13,5
Blood Angels,147,combination,LIBRARIUS CONCLAVE + THE LOST BRETHREN,Blood Angels + Blood Angels,3,Blood Angels,PURGE THE FOE + RECONNAISSANCE,73.75,88.15,88.17,80.88,43.7,52.79,77.74,43.64,medium,0,11,6
Blood Angels,148,combination,1ST COMPANY TASK FORCE + LIBRARIUS CONCLAVE,Blood Angels + Blood Angels,3,,PURGE THE FOE + RECONNAISSANCE,73.72,88.46,88.34,80.88,41.95,53.97,79.54,54.55,medium,0,15,2
Blood Angels,149,combination,LIBRARIUS CONCLAVE + STORMLANCE TASK FORCE,Blood Angels + Blood Angels,3,,DISRUPTION + RECONNAISSANCE,73.51,88.09,87.63,80.88,35.43,68.34,77.74,51.82,medium,0,14,3
Blood Angels,150,combination,HEADHUNTER TASK FORCE + LIBRARIUS CONCLAVE,Blood Angels + Blood Angels,3,,PRIORITY ASSETS + RECONNAISSANCE,73.38,88.3,88.17,80.88,34.29,67.51,77.74,43.64,medium,0,11,6
Blood Angels,151,combination,ENCARMINE SPEARTIP + LIBRARIUS CONCLAVE,Blood Angels + Blood Angels,2,Blood Angels,DISRUPTION + RECONNAISSANCE,72.82,87.57,87.15,80.88,37.47,59.63,77.74,45,medium,0,9,3
Blood Angels,152,combination,LIBRARIUS CONCLAVE + WRATH OF THE DOOMED,Blood Angels + Blood Angels,2,Blood Angels,PURGE THE FOE + RECONNAISSANCE,72.55,87.31,87.26,80.88,41.6,48.86,77.74,45,medium,0,9,3
Blood Angels,153,combination,LEGACY OF GRACE + LIBRARIUS CONCLAVE,Blood Angels + Blood Angels,2,Blood Angels,PRIORITY ASSETS + RECONNAISSANCE,72.51,84.76,87.84,80.88,43.68,47.96,77.74,58.34,medium,1,10,1
Blood Angels,154,combination,LIBRARIUS CONCLAVE + VANGUARD SPEARHEAD,Blood Angels + Blood Angels,3,,RECONNAISSANCE,72.12,88.03,87.63,80.88,33.43,58.55,77.74,54.55,medium,0,15,2
Blood Angels,155,combination,LIBRARIUS CONCLAVE + SUBVERSION ASSETS,Blood Angels + Blood Angels,2,,DISRUPTION + RECONNAISSANCE,71.71,87.57,87.15,76.38,40.41,56.99,67.03,60,medium,0,12,0
Blood Angels,156,combination,FULGURIS TASK FORCE + LIBRARIUS CONCLAVE,Blood Angels + Blood Angels,2,,RECONNAISSANCE,70.22,87.4,86.88,80.88,41.63,26.36,77.74,35,low,0,7,5
Blood Angels,157,single,LIBRARIUS CONCLAVE,Blood Angels,1,,RECONNAISSANCE,63.14,86.04,86.13,67.38,12.25,52.72,64.08,60,medium,0,6,0
