faction,rank,kind,detachments,dp_cost,score_prudent,score_central,score_favorable,primary,secondary,inventory,rule_stratagem,enhancement,flexibility,interpretation_coverage_pct,evidence_confidence_pct,inference_share_pct,conditionality_pct,inference_count,unsupported_count
Space Marines,1,single,FORGEFATHER’S SEEKERS,2,89.37,96.91,98.24,98.52,98.01,100,88.51,100,100,90.91,88.24,7.78,34.2,17,1
Space Marines,2,combination,FORGEFATHER’S SEEKERS + VENGEFUL HOSTS,3,87.38,95.15,96.27,99.07,98.89,100,82.87,90.37,100,76.47,90,8.17,34.1,20,4
Space Marines,3,combination,FORGEFATHER’S SEEKERS + SUBVERSION ASSETS,3,85.53,94.64,95.21,99.95,100,97.38,84.34,85.57,95.05,64.71,85.19,9.63,28.75,27,6
Space Marines,4,single,RECLAMATION FORCE,2,88.24,94.28,95.24,99.99,95.87,98.75,78.67,100,96.51,72.73,76,6.41,36.94,15,3
Space Marines,5,single,FIRESTORM ASSAULT FORCE,2,85.98,93.55,95.25,94.81,96.88,99.52,81.8,91.02,100,100,88.89,8.09,36.56,18,0
Space Marines,6,combination,RECLAMATION FORCE + VENGEFUL HOSTS,3,87.49,93.14,94.04,100,96.29,99.08,77.72,88.35,97.51,64.71,80,6.07,36.43,18,6
Space Marines,7,combination,FIRESTORM ASSAULT FORCE + VENGEFUL HOSTS,3,85.74,93.04,94.72,97.67,97.29,99.66,79.57,83.37,100,82.35,90.48,7.85,36.2,21,3
Space Marines,8,single,IRONSTORM SPEARHEAD,2,86.81,92.89,94.52,98.75,95.57,98.35,81.13,85.15,96.71,81.82,76.25,6.55,33.46,16,2
Space Marines,9,single,BLADE OF ULTRAMAR,3,85.62,92.82,93.69,100,97.04,99.62,73.32,89.67,100,81.82,76.25,7.76,34.5,16,2
Space Marines,10,combination,FIRESTORM ASSAULT FORCE + SUBVERSION ASSETS,3,83.54,92.72,93.74,98.48,99.76,96.79,80.98,78.49,93.6,70.59,85.71,9.9,30.63,28,5
Space Marines,11,single,HAMMER OF AVERNII,2,85.28,92.63,93.8,100,97.45,99.86,77.4,79.22,97.91,90.91,76.47,7.93,41.59,17,1
Space Marines,12,combination,RECLAMATION FORCE + SUBVERSION ASSETS,3,85.27,92.58,93.63,100,98.66,96.12,79.38,82.91,90.4,52.94,77.6,7.9,29.67,25,8
Space Marines,13,combination,HAMMER OF AVERNII + VENGEFUL HOSTS,3,85.48,92.45,93.49,100,97.61,100,77.08,76.9,98.91,76.47,80,7.54,40.6,20,4
Space Marines,14,combination,IRONSTORM SPEARHEAD + VENGEFUL HOSTS,3,86.67,92.38,93.76,100,95.92,98.58,79.04,79.86,97.71,70.59,80,6.18,33.44,19,5
Space Marines,15,combination,ANVIL SIEGE FORCE + VENGEFUL HOSTS,3,86.07,92.14,93.6,100,97.17,99.19,78.54,73.54,98.99,76.47,80,6.59,40.73,20,4
Space Marines,16,combination,SPEARPOINT TASK FORCE + VENGEFUL HOSTS,3,85.43,91.99,92.84,100,97.28,99.52,71.27,85.15,99.91,82.35,80,7.13,34.68,21,3
Space Marines,17,combination,IRONSTORM SPEARHEAD + SUBVERSION ASSETS,3,84.56,91.92,93.26,100,98.51,95.78,80.65,74.59,91,58.82,77.69,8.01,27.86,26,7
Space Marines,18,single,ANVIL SIEGE FORCE,2,85.61,91.91,93.94,98.91,96.38,98.83,80.3,73.09,97.99,90.91,76.47,6.85,41.79,17,1
Space Marines,19,single,GLADIUS TASK FORCE,3,85.62,91.9,93.08,99.25,95.67,98.15,73.11,89.67,98.31,72.73,76,6.83,35.95,15,3
Space Marines,20,combination,HAMMER OF AVERNII + SUBVERSION ASSETS,3,83.61,91.89,92.79,100,99.59,97.11,78.72,71.58,93.4,64.71,77.78,9.01,33.53,27,6
Space Marines,21,combination,BASTION TASK FORCE + VENGEFUL HOSTS,3,85.68,91.88,92.83,100,97.16,98.65,79.87,68.83,100,70.59,80,6.75,33.64,19,5
Space Marines,22,single,SPEARPOINT TASK FORCE,2,84.77,91.79,92.76,99.95,96.83,99.3,65.98,95.46,99.91,100,76.67,7.65,34.88,18,0
Space Marines,23,single,ORBITAL ASSAULT FORCE,2,86.42,91.75,92.75,96.15,93.55,97.31,74.43,99.71,96.31,72.73,76,5.81,35.14,15,3
Space Marines,24,combination,ANVIL SIEGE FORCE + SUBVERSION ASSETS,3,83.97,91.58,92.75,100,99.36,96.38,80.17,67.92,92.68,64.71,77.78,8.31,33.41,27,6
Space Marines,25,combination,ORBITAL ASSAULT FORCE + VENGEFUL HOSTS,3,86.31,91.54,92.35,99.23,94.25,97.44,75.61,87.1,96.31,64.71,80,5.71,34.88,18,6
Space Marines,26,combination,SPEARPOINT TASK FORCE + SUBVERSION ASSETS,3,83.44,91.43,92.23,100,99.6,96.63,72.99,79.98,92.2,70.59,77.86,8.74,28.92,28,5
Space Marines,27,combination,EMPEROR’S SHIELD + VENGEFUL HOSTS,3,85.04,91.41,92.31,100,96.12,99.37,78.18,70.43,96.51,76.47,80,6.97,38.2,20,4
Space Marines,28,combination,BASTION TASK FORCE + SUBVERSION ASSETS,3,83.39,91.32,92.05,100,99.29,95.94,81.53,63.67,92.8,58.82,77.69,8.68,27.9,26,7
Space Marines,29,combination,ORBITAL ASSAULT FORCE + SUBVERSION ASSETS,3,84.02,91.29,92.2,100,97.13,94.74,77.29,81.73,88.6,52.94,77.6,7.96,28.47,25,8
Space Marines,30,combination,FORGEFATHER’S SEEKERS + FULGURIS TASK FORCE,3,83.41,91.16,92.39,99.3,98.01,100,81.62,54.74,100,82.35,86.67,8.5,33.43,21,3
Space Marines,31,single,BASTION TASK FORCE,2,84.76,91.09,92.66,97.68,95.99,98.46,82.96,62.8,99.91,81.82,76.25,6.95,33.68,16,2
Space Marines,32,combination,1ST COMPANY TASK FORCE + VENGEFUL HOSTS,3,85.03,90.95,92.17,100,96.25,98.63,78.38,66.29,97.11,70.59,80,6.51,41.77,19,5
Space Marines,33,combination,EMPEROR’S SHIELD + SUBVERSION ASSETS,3,83.16,90.88,91.93,100,98.31,96.48,79.74,65.04,91,64.71,77.78,8.49,31.76,27,6
Space Marines,34,single,EMPEROR’S SHIELD,2,84.39,90.72,92.03,98.9,95.29,99.01,79.34,66.67,95.51,90.91,76.47,6.98,38.86,17,1
Space Marines,35,single,CERAMITE SENTINELS,3,84.09,90.45,91.31,100,95.99,97.72,71.98,75.81,98.71,90.91,76.47,7.03,35.61,17,1
Space Marines,36,combination,SUBVERSION ASSETS + VENGEFUL HOSTS,2,83.3,90.38,91.29,99.96,97.34,94.64,78.57,69.78,88.6,33.33,80,7.83,25.64,20,8
Space Marines,37,combination,1ST COMPANY TASK FORCE + SUBVERSION ASSETS,3,83.16,90.34,91.69,100,98.23,95.65,80,60.72,91.6,58.82,77.69,7.95,34.17,26,7
Space Marines,38,single,1ST COMPANY TASK FORCE,2,84.1,90.23,91.59,99.76,95.96,98.28,79.88,58.5,96.11,81.82,76.25,6.79,42.98,16,2
Space Marines,39,single,STORMLANCE TASK FORCE,3,83.35,89.9,91.38,98.86,95.56,99.02,61.85,90.6,100,90.91,76.47,7.29,32.82,17,1
Space Marines,40,combination,HEADHUNTER TASK FORCE + VENGEFUL HOSTS,3,84.27,89.67,90.54,99.62,94.83,97.46,68.21,81.03,96.11,64.71,80,6.02,33.84,18,6
Space Marines,41,single,VENGEFUL HOSTS,1,84.81,89.66,91.13,96.46,93.68,96.92,76.82,74.92,94.11,50,80,5.41,32.83,10,3
Space Marines,42,combination,HEADHUNTER TASK FORCE + SUBVERSION ASSETS,3,82.42,89.49,90.28,100,97.93,94.8,69.88,76.38,88.6,52.94,77.6,7.9,27.95,25,8
Space Marines,43,single,ARMOURED SPEARTIP,3,83.2,89.43,90.36,99.99,94.86,97.69,62.23,89.14,96.31,100,76.67,6.97,39.89,18,0
Space Marines,44,combination,VANGUARD SPEARHEAD + VENGEFUL HOSTS,3,83.4,89.38,90.38,99.89,96.05,98.42,67.55,72.62,98.71,64.71,80,6.69,37.93,18,6
Space Marines,45,combination,FULGURIS TASK FORCE + RECLAMATION FORCE,3,83.19,89.15,90.1,100,95.91,98.82,76.5,52.44,97.31,70.59,76.84,6.69,35.58,19,5
Space Marines,46,combination,SHADOWMARK TALON + VENGEFUL HOSTS,3,83.48,89.08,89.82,99.58,96.2,97.74,66.18,74.67,97.31,70.59,80,6.29,38.21,19,5
Space Marines,47,combination,SUBVERSION ASSETS + VANGUARD SPEARHEAD,3,81.45,88.82,89.9,100,98.3,95.58,69.28,67.18,91,52.94,77.6,8.3,30.59,25,8
Space Marines,48,combination,FIRESTORM ASSAULT FORCE + FULGURIS TASK FORCE,3,81.43,88.75,90.38,95.93,96.88,99.52,78.31,47.74,100,88.24,87.27,8.25,35.55,22,2
Space Marines,49,combination,SHADOWMARK TALON + SUBVERSION ASSETS,3,81.49,88.68,89.36,100,98.57,94.99,68.02,69.23,90.2,58.82,77.69,8.11,30.92,26,7
Space Marines,50,combination,FULGURIS TASK FORCE + HAMMER OF AVERNII,3,81.51,88.61,89.61,100,97.6,99.93,75.86,41.16,98.71,82.35,77.14,8.01,39.8,21,3
Space Marines,51,combination,FULGURIS TASK FORCE + IRONSTORM SPEARHEAD,3,82.47,88.4,89.73,99.73,95.66,98.42,77.8,44.23,97.51,76.47,77,6.71,32.72,20,4
Space Marines,52,combination,FULGURIS TASK FORCE + SUBVERSION ASSETS + VENGEFUL HOSTS,3,81.71,88.33,89.16,99.99,97.34,96.14,77.3,46.97,92.17,44.44,80,7.49,26.02,24,10
Space Marines,53,combination,ANVIL SIEGE FORCE + FULGURIS TASK FORCE,3,81.87,88.06,89.72,99.83,96.53,98.9,77.32,37.79,98.79,82.35,77.14,7.03,39.9,21,3
Space Marines,54,combination,FULGURIS TASK FORCE + SPEARPOINT TASK FORCE,3,81.38,88.03,88.95,100,96.83,99.3,70.07,49.52,99.91,88.24,77.27,7.55,33.96,22,2
Space Marines,55,single,HEADHUNTER TASK FORCE,2,82.49,88,89.02,98.14,94.28,97.23,59.68,86.63,95.11,72.73,76,6.26,33.92,15,3
Space Marines,56,combination,FORGEFATHER’S SEEKERS + LIBRARIUS CONCLAVE,3,79.02,87.84,88.87,99.39,98.96,92.67,57.45,84.81,94.31,88.24,85.19,10.04,33.23,27,2
Space Marines,57,combination,BASTION TASK FORCE + FULGURIS TASK FORCE,3,81.31,87.48,88.79,98.71,95.99,98.51,78.65,33.1,100,76.47,77,7.05,32.89,20,4
Space Marines,58,single,SUBVERSION ASSETS,1,80.85,87.35,88.49,98.28,95.6,89.5,80.26,60.14,76.48,16.67,80,7.44,18.75,10,5
Space Marines,59,combination,EMPEROR’S SHIELD + FULGURIS TASK FORCE,3,81.07,87.33,88.42,99.74,95.54,99.08,76.93,34.8,96.31,82.35,77.14,7.17,37.45,21,3
Space Marines,60,combination,FULGURIS TASK FORCE + ORBITAL ASSAULT FORCE,3,81.94,87.13,88.12,97.26,93.55,97.31,74.37,51.36,96.31,70.59,76.84,5.96,34.05,19,5
Space Marines,61,combination,LIBRARIUS CONCLAVE + SUBVERSION ASSETS + VENGEFUL HOSTS,3,78.75,87.12,87.58,100,100,92.93,61.19,67.35,91.17,50,80,9.61,27.35,30,9
Space Marines,62,combination,1ST COMPANY TASK FORCE + FULGURIS TASK FORCE,3,81.09,87.03,88.27,100,96.11,98.35,77.15,30.55,96.91,76.47,77,6.83,40.92,20,4
Space Marines,63,single,VANGUARD SPEARHEAD,2,80.79,86.89,88.19,99.18,94.91,98.15,58.49,70.61,98.71,72.73,76,7.02,38.71,15,3
Space Marines,64,combination,LIBRARIUS CONCLAVE + RECLAMATION FORCE,3,78.85,86.78,87.63,100,98.87,92.66,52.42,83.32,94.31,76.47,77.6,9.14,34.82,25,4
Space Marines,65,single,SHADOWMARK TALON,2,80.88,86.36,87.6,98.18,94.97,97.38,56.1,74.71,96.31,81.82,76.25,6.35,39.03,16,2
Space Marines,66,combination,FULGURIS TASK FORCE + SUBVERSION ASSETS,2,79.19,86.2,87.01,100,96.66,94.46,77.33,32.47,88.6,41.67,77.14,8.13,25.1,21,7
Space Marines,67,combination,IRONSTORM SPEARHEAD + LIBRARIUS CONCLAVE,3,78.05,86.11,86.83,100,98.54,92.58,53.7,74.99,94.31,82.35,77.69,9.36,32.67,26,3
Space Marines,68,combination,FULGURIS TASK FORCE + VENGEFUL HOSTS,2,81.27,86.1,87.23,97.53,93.8,97.04,75.6,38.66,94.91,58.33,80,5.61,31.83,14,5
Space Marines,69,combination,LIBRARIUS CONCLAVE + ORBITAL ASSAULT FORCE,3,77.59,85.86,87.06,98.9,98.32,92.53,50.3,82.21,94.31,76.47,77.6,9.63,33.66,25,4
Space Marines,70,combination,HAMMER OF AVERNII + LIBRARIUS CONCLAVE,3,77.21,85.77,86.5,100,100,92.82,51.77,71.95,93.11,88.24,77.78,9.98,38.23,27,2
Space Marines,71,combination,FIRESTORM ASSAULT FORCE + LIBRARIUS CONCLAVE,3,77,85.73,86.74,96.21,98.54,92.58,54.13,77.92,94.31,94.12,85.71,10.18,34.93,28,1
Space Marines,72,combination,FULGURIS TASK FORCE + HEADHUNTER TASK FORCE,3,80.32,85.64,86.39,99.49,94.28,97.31,66.99,45.12,95.91,70.59,76.84,6.21,33.07,19,5
Space Marines,73,combination,ANVIL SIEGE FORCE + LIBRARIUS CONCLAVE,3,77.45,85.55,86.48,100,99.11,92.67,53.23,68.98,93.91,88.24,77.78,9.47,38.25,27,2
Space Marines,74,combination,LIBRARIUS CONCLAVE + SPEARPOINT TASK FORCE,3,77.04,85.43,86.03,100,99.71,92.84,46.01,80.15,94.31,94.12,77.86,9.82,33.63,28,1
Space Marines,75,combination,FULGURIS TASK FORCE + LIBRARIUS CONCLAVE + VENGEFUL HOSTS,3,77.38,85.38,86.13,100,99.17,95.59,59.18,47.17,98.31,66.67,80,9.37,31.57,24,6
Space Marines,76,combination,LIBRARIUS CONCLAVE + VENGEFUL HOSTS,2,76.87,85.26,86.05,100,99.17,92.58,51.55,69.37,94.11,66.67,80,9.84,32.05,20,4
Space Marines,77,combination,BASTION TASK FORCE + LIBRARIUS CONCLAVE,3,76.96,85.25,86.05,100,98.87,92.64,54.57,63.7,94.31,82.35,77.69,9.72,32.8,26,3
Space Marines,78,combination,FULGURIS TASK FORCE + VANGUARD SPEARHEAD,3,79.41,85.21,86.31,99.9,94.91,98.15,66.33,36.71,98.71,70.59,76.84,6.81,37.02,19,5
Space Marines,79,combination,EMPEROR’S SHIELD + LIBRARIUS CONCLAVE,3,76.77,85.08,86.06,99.93,99.11,92.6,52.81,65.75,93.11,88.24,77.78,9.77,36.38,27,2
Space Marines,80,combination,1ST COMPANY TASK FORCE + LIBRARIUS CONCLAVE,3,76.77,85.05,85.83,100,99.96,92.69,53.05,61.66,94.91,82.35,77.69,9.74,39.05,26,3
Space Marines,81,combination,FULGURIS TASK FORCE + SHADOWMARK TALON,3,79.44,84.86,85.74,99.47,94.99,97.46,64.98,38.76,97.11,76.47,77,6.39,37.33,20,4
Space Marines,82,combination,FULGURIS TASK FORCE + LIBRARIUS CONCLAVE + SUBVERSION ASSETS,3,75.93,84.54,84.99,100,99.96,92.89,60.35,43.45,91.17,55.56,78.06,10.18,26.96,31,8
Space Marines,83,combination,HEADHUNTER TASK FORCE + LIBRARIUS CONCLAVE,3,75.87,83.96,84.68,99.97,98.54,92.57,42.91,75.2,94.31,76.47,77.6,9.64,32.93,25,4
Space Marines,84,combination,LIBRARIUS CONCLAVE + SUBVERSION ASSETS,2,74.88,83.78,84.28,100,99.48,88.29,53.41,63.89,83.6,50,80,10.62,24.56,20,6
Space Marines,85,combination,LIBRARIUS CONCLAVE + VANGUARD SPEARHEAD,3,74.97,83.23,84.04,100,99.04,92.69,42.29,67.59,94.31,76.47,77.6,9.92,35.89,25,4
Space Marines,86,combination,LIBRARIUS CONCLAVE + SHADOWMARK TALON,3,75.09,83.22,83.96,100,99.21,92.71,40.98,69.64,94.31,82.35,77.69,9.77,36.14,26,3
Space Marines,87,single,FULGURIS TASK FORCE,1,76.83,81.12,82.36,94.89,92.13,96.47,74.39,2.4,93.91,66.67,74.55,5.29,31.46,11,2
Space Marines,88,combination,FULGURIS TASK FORCE + LIBRARIUS CONCLAVE,2,72.8,81.05,81.96,99.69,97.99,92.42,50.31,33.74,93.91,75,77.14,10.18,31.33,21,3
Space Marines,89,single,LIBRARIUS CONCLAVE,1,68.25,75.41,77,95.34,96.49,82.5,26.36,64.82,79.31,83.33,80,9.49,31.19,10,1
Salamanders,1,single,FORGEFATHER’S SEEKERS,2,89.27,96.79,98.21,98.25,97.88,100,88.37,100,100,90.91,88.24,7.77,34.2,17,1
Salamanders,2,combination,FORGEFATHER’S SEEKERS + VENGEFUL HOSTS,3,87.28,95.04,96.22,98.93,98.79,100,82.67,90.21,100,76.47,90,8.16,34.1,20,4
Salamanders,3,combination,FORGEFATHER’S SEEKERS + SUBVERSION ASSETS,3,85.43,94.66,95.23,99.94,100,97.73,83.88,86,94.94,64.71,85.19,9.75,28.75,27,6
Salamanders,4,single,FIRESTORM ASSAULT FORCE,2,85.94,93.54,95.19,94.53,96.74,99.87,81.92,90.92,100,100,88.89,8.12,36.56,18,0
Salamanders,5,single,IRONSTORM SPEARHEAD,2,86.93,93.07,94.75,98.57,95.46,98.7,81.07,87.08,96.6,81.82,76.25,6.6,33.46,16,2
Salamanders,6,combination,FIRESTORM ASSAULT FORCE + VENGEFUL HOSTS,3,85.65,93.01,94.65,97.46,97.18,100,79.5,83.22,100,82.35,90.48,7.91,36.2,21,3
Salamanders,7,combination,FIRESTORM ASSAULT FORCE + SUBVERSION ASSETS,3,83.47,92.69,93.73,98.21,99.68,97.14,80.65,78.94,93.49,70.59,85.71,9.95,30.63,28,5
Salamanders,8,combination,IRONSTORM SPEARHEAD + VENGEFUL HOSTS,3,86.66,92.47,93.81,100,95.82,98.93,78.88,80.73,97.6,70.59,80,6.28,33.44,19,5
Salamanders,9,combination,ANVIL SIEGE FORCE + VENGEFUL HOSTS,3,85.95,92.13,93.51,100,97.08,99.54,78.34,73.35,98.88,76.47,80,6.71,40.73,20,4
Salamanders,10,combination,IRONSTORM SPEARHEAD + SUBVERSION ASSETS,3,84.58,92.03,93.39,100,98.42,96.13,80.23,76.06,90.89,58.82,77.69,8.1,27.86,26,7
Salamanders,11,combination,BASTION TASK FORCE + VENGEFUL HOSTS,3,85.59,91.87,92.85,100,97.03,99,79.7,68.72,100,70.59,80,6.84,33.64,19,5
Salamanders,12,single,ANVIL SIEGE FORCE,2,85.5,91.85,93.87,98.69,96.24,99.18,80.17,72.9,97.88,90.91,76.47,6.91,41.79,17,1
Salamanders,13,single,GLADIUS TASK FORCE,3,85.53,91.84,93.09,98.92,95.52,98.5,73.05,89.56,98.2,72.73,76,6.87,35.95,15,3
Salamanders,14,single,ORBITAL ASSAULT FORCE,2,86.31,91.68,92.73,95.93,93.42,97.66,74.36,99.2,96.2,72.73,76,5.86,35.14,15,3
Salamanders,15,combination,ANVIL SIEGE FORCE + SUBVERSION ASSETS,3,83.87,91.57,92.76,100,99.27,96.73,79.71,68.32,92.57,64.71,77.78,8.41,33.41,27,6
Salamanders,16,combination,ORBITAL ASSAULT FORCE + VENGEFUL HOSTS,3,86.19,91.47,92.31,99.02,94.12,97.79,75.44,86.75,96.2,64.71,80,5.77,34.88,18,6
Salamanders,17,combination,BASTION TASK FORCE + SUBVERSION ASSETS,3,83.3,91.34,92.07,100,99.24,96.29,81.1,64.16,92.69,58.82,77.69,8.8,27.9,26,7
Salamanders,18,combination,ORBITAL ASSAULT FORCE + SUBVERSION ASSETS,3,83.91,91.26,92.17,100,97,95.09,76.86,81.97,88.49,52.94,77.6,8.05,28.47,25,8
Salamanders,19,single,BASTION TASK FORCE,2,84.7,91.07,92.68,97.5,95.85,98.81,82.87,62.77,99.8,81.82,76.25,6.99,33.68,16,2
Salamanders,20,combination,FORGEFATHER’S SEEKERS + FULGURIS TASK FORCE,3,83.34,91.06,92.36,99.12,97.88,100,81.51,54.67,100,82.35,86.67,8.48,33.43,21,3
Salamanders,21,combination,1ST COMPANY TASK FORCE + VENGEFUL HOSTS,3,84.45,90.46,91.68,100,96.15,98.98,76.42,64.91,97,70.59,80,6.64,41.77,19,5
Salamanders,22,single,CERAMITE SENTINELS,3,84.01,90.45,91.34,99.93,95.86,98.07,71.91,75.76,98.6,90.91,76.47,7.12,35.61,17,1
Salamanders,23,combination,SUBVERSION ASSETS + VENGEFUL HOSTS,2,83.19,90.34,91.26,99.95,97.21,94.99,78.05,70.19,88.49,33.33,80,7.91,25.64,20,8
Salamanders,24,single,STORMLANCE TASK FORCE,3,83.29,89.87,91.34,98.62,95.41,99.37,61.79,90.64,100,90.91,76.47,7.32,32.82,17,1
Salamanders,25,combination,1ST COMPANY TASK FORCE + SUBVERSION ASSETS,3,82.61,89.86,91.22,100,98.14,96,77.78,59.94,91.49,58.82,77.69,8.07,34.17,26,7
Salamanders,26,combination,HEADHUNTER TASK FORCE + VENGEFUL HOSTS,3,84.2,89.65,90.55,99.47,94.7,97.81,68.05,81.13,96,64.71,80,6.08,33.84,18,6
Salamanders,27,single,VENGEFUL HOSTS,1,84.68,89.58,91.04,96.25,93.55,97.27,76.56,74.73,94,50,80,5.47,32.83,10,3
Salamanders,28,combination,HEADHUNTER TASK FORCE + SUBVERSION ASSETS,3,82.35,89.5,90.31,100,97.8,95.15,69.46,77.08,88.49,52.94,77.6,7.99,27.95,25,8
Salamanders,29,combination,VANGUARD SPEARHEAD + VENGEFUL HOSTS,3,83.27,89.32,90.36,99.77,95.92,98.77,67.35,72.35,98.6,64.71,80,6.77,37.93,18,6
Salamanders,30,single,ARMOURED SPEARTIP,3,83,89.3,90.26,99.95,94.73,98.04,62.07,87.98,96.2,100,76.67,7.05,39.89,18,0
Salamanders,31,single,1ST COMPANY TASK FORCE,2,83.07,89.26,90.65,99.64,95.86,98.63,76.22,55.94,96,81.82,76.25,6.93,42.98,16,2
Salamanders,32,combination,SUBVERSION ASSETS + VANGUARD SPEARHEAD,3,81.34,88.8,89.9,100,98.2,95.93,68.82,67.51,90.89,52.94,77.6,8.4,30.59,25,8
Salamanders,33,combination,FIRESTORM ASSAULT FORCE + FULGURIS TASK FORCE,3,81.37,88.72,90.3,95.65,96.74,99.87,78.33,47.69,100,88.24,87.27,8.28,35.55,22,2
Salamanders,34,combination,FULGURIS TASK FORCE + IRONSTORM SPEARHEAD,3,82.5,88.5,89.84,99.61,95.55,98.77,77.73,45.19,97.4,76.47,77,6.78,32.72,20,4
Salamanders,35,combination,FULGURIS TASK FORCE + SUBVERSION ASSETS + VENGEFUL HOSTS,3,81.61,88.31,89.16,99.99,97.21,96.49,76.93,47.24,92.06,44.44,80,7.59,26.02,24,10
Salamanders,36,combination,ANVIL SIEGE FORCE + FULGURIS TASK FORCE,3,81.79,88.04,89.67,99.71,96.38,99.25,77.22,37.7,98.68,82.35,77.14,7.1,39.9,21,3
Salamanders,37,single,HEADHUNTER TASK FORCE,2,82.45,87.99,89.04,97.81,94.14,97.58,59.62,87.02,95,72.73,76,6.3,33.92,15,3
Salamanders,38,combination,BASTION TASK FORCE + FULGURIS TASK FORCE,3,81.25,87.48,88.82,98.59,95.85,98.86,78.57,33.09,100,76.47,77,7.12,32.89,20,4
Salamanders,39,single,SUBVERSION ASSETS,1,80.75,87.28,88.42,98.05,95.48,89.85,79.48,61.14,76.38,16.67,80,7.48,18.75,10,5
Salamanders,40,combination,FULGURIS TASK FORCE + ORBITAL ASSAULT FORCE,3,81.86,87.08,88.08,97.04,93.42,97.66,74.3,51.1,96.2,70.59,76.84,5.99,34.05,19,5
Salamanders,41,single,VANGUARD SPEARHEAD,2,80.66,86.79,88.17,98.88,94.76,98.5,58.35,70.27,98.6,72.73,76,7.06,38.71,15,3
Salamanders,42,combination,1ST COMPANY TASK FORCE + FULGURIS TASK FORCE,3,80.54,86.57,87.81,100,96.01,98.7,75.28,29.27,96.8,76.47,77,6.97,40.92,20,4
Salamanders,43,combination,FULGURIS TASK FORCE + SUBVERSION ASSETS,2,79.11,86.19,87.01,100,96.52,94.81,76.9,32.97,88.49,41.67,77.14,8.21,25.1,21,7
Salamanders,44,combination,FULGURIS TASK FORCE + VENGEFUL HOSTS,2,81.18,86.04,87.19,97.3,93.67,97.39,75.43,38.57,94.8,58.33,80,5.65,31.83,14,5
Salamanders,45,combination,FULGURIS TASK FORCE + HEADHUNTER TASK FORCE,3,80.27,85.62,86.42,99.26,94.14,97.66,66.92,45.31,95.8,70.59,76.84,6.25,33.07,19,5
Salamanders,46,combination,LIBRARIUS CONCLAVE + SUBVERSION ASSETS + VENGEFUL HOSTS,3,77.13,85.61,86.08,100,100,90.28,57.57,65.4,89.95,50,80,9.91,27.42,29,9
Salamanders,47,combination,FORGEFATHER’S SEEKERS + LIBRARIUS CONCLAVE,3,76.65,85.54,86.62,99.21,98.95,88.52,52.46,81.42,92.54,88.24,85.38,10.39,33.49,26,2
Salamanders,48,combination,FULGURIS TASK FORCE + VANGUARD SPEARHEAD,3,79.3,85.2,86.31,99.88,94.76,98.5,66.23,36.54,98.6,70.59,76.84,6.92,37.02,19,5
Salamanders,49,combination,IRONSTORM SPEARHEAD + LIBRARIUS CONCLAVE,3,75.78,83.96,84.69,100,98.54,88.43,48.74,72.63,92.54,82.35,77.6,9.74,32.93,25,3
Salamanders,50,combination,FULGURIS TASK FORCE + LIBRARIUS CONCLAVE + VENGEFUL HOSTS,3,75.76,83.61,84.52,100,98.4,92.68,55.77,44.89,96.69,66.67,80,9.39,31.84,23,6
Salamanders,51,combination,FIRESTORM ASSAULT FORCE + LIBRARIUS CONCLAVE,3,74.65,83.44,84.47,95.93,98.54,88.43,49.26,74.56,92.54,94.12,85.93,10.53,35.22,27,1
Salamanders,52,combination,ANVIL SIEGE FORCE + LIBRARIUS CONCLAVE,3,75.06,83.29,84.23,100,99.1,88.52,48.22,65.56,92.14,88.24,77.69,9.88,38.69,26,2
Salamanders,53,combination,LIBRARIUS CONCLAVE + ORBITAL ASSAULT FORCE,3,75.22,83.19,84.48,98.2,97.55,88.12,45.32,78.63,92.14,76.47,77.5,9.58,33.98,24,4
Salamanders,54,combination,FULGURIS TASK FORCE + LIBRARIUS CONCLAVE + SUBVERSION ASSETS,3,74.32,83.05,83.5,100,99.96,90.24,56.79,41.57,89.95,55.56,78,10.51,27.01,30,8
Salamanders,55,combination,BASTION TASK FORCE + LIBRARIUS CONCLAVE,3,74.61,82.7,83.81,99.42,98.24,88.38,49.57,60.36,92.54,82.35,77.6,9.78,33.07,25,3
Salamanders,56,combination,LIBRARIUS CONCLAVE + VENGEFUL HOSTS,2,74.46,82.65,83.67,99.65,98.4,88.16,46.48,65.96,91.94,66.67,80,9.91,32.38,19,4
Salamanders,57,combination,1ST COMPANY TASK FORCE + LIBRARIUS CONCLAVE,3,73.93,82.3,83.11,100,99.96,88.52,46.27,57.06,92.94,82.35,77.6,10.17,39.51,25,3
Salamanders,58,combination,LIBRARIUS CONCLAVE + SUBVERSION ASSETS,2,72.5,81.52,82.02,100,99.47,84.14,48.12,61.07,81.83,50,80,11.06,24.53,19,6
Salamanders,59,combination,HEADHUNTER TASK FORCE + LIBRARIUS CONCLAVE,3,73.52,81.48,82.46,99.91,97.88,88.15,37.93,72.07,92.14,76.47,77.5,9.77,33.21,24,4
Salamanders,60,single,FULGURIS TASK FORCE,1,76.75,81.07,82.31,94.59,91.97,96.82,74.32,2.4,93.8,66.67,74.55,5.33,31.46,11,2
Salamanders,61,combination,LIBRARIUS CONCLAVE + VANGUARD SPEARHEAD,3,72.57,80.95,81.77,100,99.04,88.52,37.26,64.1,92.54,76.47,77.5,10.35,36.3,24,4
Salamanders,62,combination,FULGURIS TASK FORCE + LIBRARIUS CONCLAVE,2,70.43,78.44,79.44,99.2,97.21,88.01,45.33,30.42,91.74,75,77,10.21,31.63,20,3
Salamanders,63,single,LIBRARIUS CONCLAVE,1,63.58,70.39,72.02,94.33,95.63,73.57,16.53,58.18,75.48,83.33,80,9.67,31.84,9,1
Dark Angels,1,single,INNER CIRCLE TASK FORCE,2,87.31,94.71,95.51,100,96.85,100,85.29,84.91,98.87,100,76.67,7.81,36.46,18,0
Dark Angels,2,single,FIRESTORM ASSAULT FORCE,2,87.07,94.07,95.44,99.54,96.14,99.16,81.57,89.82,100,100,76.67,7.44,36.56,18,0
Dark Angels,3,combination,INNER CIRCLE TASK FORCE + VENGEFUL HOSTS,3,86.88,93.41,94.11,100,97,100,80.96,79.84,99.67,82.35,77.14,6.99,36.11,21,3
Dark Angels,4,single,IRONSTORM SPEARHEAD,2,86.99,93.13,94.78,98.66,95.55,98.45,81.41,87.09,96.67,81.82,76.25,6.59,33.46,16,2
Dark Angels,5,combination,FIRESTORM ASSAULT FORCE + VENGEFUL HOSTS,3,86.76,93.04,94.26,100,96.55,99.27,79.12,82.2,100,82.35,77.14,6.75,36.2,21,3
Dark Angels,6,single,UNFORGIVEN TASK FORCE,2,86.26,92.65,94.57,98.1,97.58,99.6,73.88,90.28,98.31,90.91,76.47,6.9,46.75,17,1
Dark Angels,7,combination,UNFORGIVEN TASK FORCE + VENGEFUL HOSTS,3,86.56,92.62,93.93,100,98.02,99.89,75.03,81.72,99.11,76.47,77,6.54,45,20,4
Dark Angels,8,combination,INNER CIRCLE TASK FORCE + SUBVERSION ASSETS,3,84.67,92.58,93.39,100,98.54,97.12,81.97,75.38,91.76,70.59,77.86,8.54,30.56,28,5
Dark Angels,9,combination,FIRESTORM ASSAULT FORCE + SUBVERSION ASSETS,3,84.55,92.53,93.59,100,99.27,96.5,80.11,77.67,92.56,70.59,77.86,8.62,30.63,28,5
Dark Angels,10,combination,IRONSTORM SPEARHEAD + VENGEFUL HOSTS,3,86.83,92.42,93.8,100,95.82,98.63,79.03,80.61,97.47,70.59,76.84,6.05,33.44,19,5
Dark Angels,11,combination,SUBVERSION ASSETS + UNFORGIVEN TASK FORCE,3,84.16,92.06,92.92,100,99.99,97.26,76.25,76.71,93.8,64.71,77.78,8.58,36.25,27,6
Dark Angels,12,combination,ANVIL SIEGE FORCE + VENGEFUL HOSTS,3,86.1,92.04,93.51,100,97.05,99.21,78.38,73.23,98.75,76.47,77,6.45,40.73,20,4
Dark Angels,13,combination,IRONSTORM SPEARHEAD + SUBVERSION ASSETS,3,84.53,91.95,93.3,100,98.49,95.88,80.07,75.93,90.96,58.82,77.69,8.07,27.86,26,7
Dark Angels,14,single,ANVIL SIEGE FORCE,2,85.53,91.88,93.92,98.79,96.35,98.93,80.26,73.02,97.95,90.91,76.47,6.91,41.79,17,1
Dark Angels,15,single,GLADIUS TASK FORCE,3,85.55,91.86,93.08,99.02,95.64,98.25,73.08,89.63,98.27,72.73,76,6.87,35.95,15,3
Dark Angels,16,combination,BASTION TASK FORCE + VENGEFUL HOSTS,3,85.71,91.79,92.77,100,97.01,98.72,79.7,68.57,100,70.59,76.84,6.62,33.64,19,5
Dark Angels,17,single,ORBITAL ASSAULT FORCE,2,86.36,91.72,92.74,96.03,93.52,97.41,74.41,99.58,96.27,72.73,76,5.84,35.14,15,3
Dark Angels,18,combination,ANVIL SIEGE FORCE + SUBVERSION ASSETS,3,83.8,91.48,92.65,100,99.35,96.48,79.44,68.24,92.64,64.71,77.78,8.4,33.41,27,6
Dark Angels,19,combination,ORBITAL ASSAULT FORCE + VENGEFUL HOSTS,3,86.32,91.44,92.29,99.16,94.13,97.51,75.43,86.77,96.27,64.71,76.67,5.6,34.88,18,6
Dark Angels,20,combination,1ST COMPANY TASK FORCE + VENGEFUL HOSTS,3,85.89,91.35,92.56,100,96.23,98.67,78.92,69.34,96.87,70.59,76.84,5.98,41.77,19,5
Dark Angels,21,combination,INNER CIRCLE TASK FORCE + INTERROGATION CONCLAVE,3,84.11,91.29,91.99,100,97.73,100,70.23,78.09,100,94.12,77.39,7.87,36.61,23,1
Dark Angels,22,combination,BASTION TASK FORCE + SUBVERSION ASSETS,3,83.23,91.23,91.95,100,99.28,96.04,80.8,64.03,92.76,58.82,77.69,8.77,27.9,26,7
Dark Angels,23,combination,ORBITAL ASSAULT FORCE + SUBVERSION ASSETS,3,83.86,91.19,92.1,100,97.11,94.84,76.56,82.02,88.56,52.94,77.6,8.04,28.47,25,8
Dark Angels,24,single,1ST COMPANY TASK FORCE,2,85,91.17,92.55,99.71,95.94,98.38,81.27,65.13,96.07,81.82,76.25,6.77,42.98,16,2
Dark Angels,25,single,BASTION TASK FORCE,2,84.71,91.08,92.66,97.59,95.96,98.56,82.92,62.79,99.87,81.82,76.25,6.99,33.68,16,2
Dark Angels,26,combination,FIRESTORM ASSAULT FORCE + INTERROGATION CONCLAVE,3,83.99,91.03,92.27,99.78,97.39,100,68.4,80.45,100,94.12,77.39,7.73,36.7,23,1
Dark Angels,27,combination,INTERROGATION CONCLAVE + IRONSTORM SPEARHEAD,3,84.1,90.84,91.93,100,97.19,100,68.27,78.86,100,82.35,77.14,7.42,34.15,21,3
Dark Angels,28,combination,COMPANY OF HUNTERS + VENGEFUL HOSTS,3,85.32,90.76,91.63,100,95.63,98.32,71.6,79.96,97.47,64.71,76.67,5.99,33.88,18,6
Dark Angels,29,combination,1ST COMPANY TASK FORCE + SUBVERSION ASSETS,3,83.49,90.72,92.07,100,98.21,95.75,79.98,64.4,91.56,58.82,77.69,7.97,34.17,26,7
Dark Angels,30,combination,INTERROGATION CONCLAVE + UNFORGIVEN TASK FORCE,3,83.73,90.58,91.58,99.73,99.06,100,64.35,79.96,100,88.24,77.27,7.56,45.21,22,2
Dark Angels,31,single,CERAMITE SENTINELS,3,84.01,90.46,91.32,100,95.96,97.82,71.95,75.79,98.67,90.91,76.47,7.13,35.61,17,1
Dark Angels,32,combination,ANVIL SIEGE FORCE + INTERROGATION CONCLAVE,3,83.36,90.23,91.33,100,98.23,100,67.67,71.43,100,88.24,77.27,7.61,41.1,22,2
Dark Angels,33,combination,COMPANY OF HUNTERS + SUBVERSION ASSETS,3,82.91,90.21,91.17,100,98.16,95.57,72.74,75.22,89.76,52.94,77.6,8.09,27.67,25,8
Dark Angels,34,combination,SUBVERSION ASSETS + VENGEFUL HOSTS,2,83.43,90.16,91.03,100,97.3,94.71,77.73,69.2,88.56,33.33,77,7.46,25.64,20,8
Dark Angels,35,combination,INTERROGATION CONCLAVE + SUBVERSION ASSETS + VENGEFUL HOSTS,3,82.94,89.89,90.99,100,98.56,97.66,70.25,69.18,94.93,50,77.6,7.73,27.36,25,9
Dark Angels,36,single,COMPANY OF HUNTERS,2,83.97,89.85,91.1,98.66,94.68,98.11,66.77,85.97,97.47,72.73,76,6.54,33.97,15,3
Dark Angels,37,single,STORMLANCE TASK FORCE,3,83.25,89.84,91.33,98.73,95.53,99.12,61.83,90.2,100,90.91,76.47,7.34,32.82,17,1
Dark Angels,38,combination,1ST COMPANY TASK FORCE + INTERROGATION CONCLAVE,3,83.07,89.74,90.63,100,97.47,100,68.2,67.53,99.67,82.35,77.14,7.43,42.1,21,3
Dark Angels,39,combination,HEADHUNTER TASK FORCE + VENGEFUL HOSTS,3,84.62,89.72,90.51,99.95,94.71,97.51,68.05,81.46,95.87,64.71,76.67,5.68,33.84,18,6
Dark Angels,40,combination,FULGURIS TASK FORCE + INNER CIRCLE TASK FORCE,3,82.64,89.61,90.31,100,96.87,100,79.85,44.43,99.67,88.24,77.27,7.78,35.45,22,2
Dark Angels,41,single,WRATH OF THE ROCK,3,82.2,89.6,90.24,100,97.81,100,55.93,89.65,100,81.82,76.25,8.26,30,16,2
Dark Angels,42,combination,BASTION TASK FORCE + INTERROGATION CONCLAVE,3,82.8,89.54,90.57,99.08,97,100,68.98,66.76,100,82.35,77.14,7.53,34.35,21,3
Dark Angels,43,combination,HEADHUNTER TASK FORCE + SUBVERSION ASSETS,3,82.33,89.47,90.26,100,97.91,94.9,69.15,77.51,88.56,52.94,77.6,7.98,27.95,25,8
Dark Angels,44,combination,INTERROGATION CONCLAVE + ORBITAL ASSAULT FORCE,3,83.42,89.44,90.67,97.56,94.97,98.97,64.7,84.96,99.07,76.47,77,6.73,35.58,20,4
Dark Angels,45,single,VENGEFUL HOSTS,1,84.79,89.41,90.82,96.31,93.48,96.92,76.55,73.95,93.87,50,74,5.17,32.83,10,3
Dark Angels,46,combination,LION’S BLADE TASK FORCE + VENGEFUL HOSTS,3,84.17,89.37,90.5,100,95.54,97.98,65.93,79.4,95.23,70.59,76.84,5.82,39.78,19,5
Dark Angels,47,single,ARMOURED SPEARTIP,3,83.01,89.29,90.23,99.96,94.83,97.79,61.81,88.53,96.27,100,76.67,7.03,39.89,18,0
Dark Angels,48,combination,VANGUARD SPEARHEAD + VENGEFUL HOSTS,3,83.54,89.27,90.27,100,95.87,98.47,67.31,72.12,98.67,64.71,76.67,6.42,37.93,18,6
Dark Angels,49,combination,FIRESTORM ASSAULT FORCE + FULGURIS TASK FORCE,3,82.52,89.14,90.37,99.92,96.14,99.16,78.03,46.79,100,88.24,77.27,7.43,35.55,22,2
Dark Angels,50,combination,COMPANY OF HUNTERS + INTERROGATION CONCLAVE,3,82.43,88.99,90.06,99.8,96.43,99.67,60.88,78.15,100,76.47,77,7.37,34.64,20,4
Dark Angels,51,combination,DARK AGE ARSENAL + INNER CIRCLE TASK FORCE,3,81.92,88.74,89.74,97.35,96.21,99.3,65.62,73.87,96.87,70.59,77.89,7.69,35,19,5
Dark Angels,52,combination,LION’S BLADE TASK FORCE + SUBVERSION ASSETS,3,81.85,88.71,90.08,100,97.33,95.13,67.08,74.77,89.12,58.82,77.69,7.73,32.5,26,7
Dark Angels,53,combination,SUBVERSION ASSETS + VANGUARD SPEARHEAD,3,81.26,88.69,89.78,100,98.28,95.68,68.48,67.37,90.96,52.94,77.6,8.38,30.59,25,8
Dark Angels,54,combination,FULGURIS TASK FORCE + UNFORGIVEN TASK FORCE,3,82.17,88.59,90.11,99.19,97.78,99.67,73.96,46.3,99.11,82.35,77.14,7.25,44.04,21,3
Dark Angels,55,combination,FULGURIS TASK FORCE + IRONSTORM SPEARHEAD,3,82.54,88.53,89.86,99.67,95.64,98.52,77.92,45.2,97.47,76.47,77,6.77,32.72,20,4
Dark Angels,56,combination,INTERROGATION CONCLAVE + VENGEFUL HOSTS,2,83,88.48,89.88,98.45,95.44,98.62,65.72,71.84,97.47,66.67,76,6.19,34.03,15,4
Dark Angels,57,combination,INTERROGATION CONCLAVE + SUBVERSION ASSETS,2,80.53,88.35,89.37,100,98.1,96.05,66.98,66.5,91.36,50,77.27,8.85,26.63,22,6
Dark Angels,58,combination,FULGURIS TASK FORCE + SUBVERSION ASSETS + VENGEFUL HOSTS,3,81.86,88.19,89.01,100,97.3,96.21,76.72,46.74,92.13,44.44,77.5,7.18,26.02,24,10
Dark Angels,59,single,HEADHUNTER TASK FORCE,2,82.57,88.11,89.15,97.92,94.26,97.33,59.65,88.16,95.07,72.73,76,6.29,33.92,15,3
Dark Angels,60,combination,ANVIL SIEGE FORCE + FULGURIS TASK FORCE,3,81.8,88.05,89.7,99.77,96.5,99,77.28,37.76,98.75,82.35,77.14,7.1,39.9,21,3
Dark Angels,61,combination,DARK AGE ARSENAL + FIRESTORM ASSAULT FORCE,3,81.81,88.03,89.81,96.8,95.3,97.78,63.79,76.16,98.27,70.59,77.89,7.07,35.1,19,5
Dark Angels,62,combination,HEADHUNTER TASK FORCE + INTERROGATION CONCLAVE,3,81.77,87.86,89.24,98.99,95.65,98.97,57.34,79.55,98.67,76.47,77,6.93,34.56,20,4
Dark Angels,63,combination,DARK AGE ARSENAL + SUBVERSION ASSETS + VENGEFUL HOSTS,3,81.37,87.7,88.57,99.93,96.54,94.83,67.22,66.62,90.13,27.78,78.1,7.22,24.59,21,13
Dark Angels,64,combination,INTERROGATION CONCLAVE + LION’S BLADE TASK FORCE,3,81.43,87.69,88.92,100,96.47,99.32,55.23,77.6,98.03,82.35,77.14,7.14,40.21,21,3
Dark Angels,65,single,LION’S BLADE TASK FORCE,2,81.65,87.56,88.81,100,94.89,97.76,55.52,84.64,94.43,81.82,76.25,6.75,40.75,16,2
Dark Angels,66,combination,1ST COMPANY TASK FORCE + FULGURIS TASK FORCE,3,81.51,87.51,88.75,100,96.09,98.45,77.83,33.87,96.87,76.47,77,6.86,40.92,20,4
Dark Angels,67,combination,INTERROGATION CONCLAVE + VANGUARD SPEARHEAD,3,80.73,87.48,88.57,99.99,96.68,99.81,56.63,70.21,100,76.47,77,7.72,38.49,20,4
Dark Angels,68,combination,BASTION TASK FORCE + FULGURIS TASK FORCE,3,81.25,87.47,88.8,98.65,95.96,98.61,78.61,33.1,100,76.47,77,7.11,32.89,20,4
Dark Angels,69,combination,DARK AGE ARSENAL + UNFORGIVEN TASK FORCE,3,81.69,87.44,90.15,96.78,96.71,98.22,59.62,75.21,96.31,64.71,77.78,6.58,44.52,18,6
Dark Angels,70,combination,DARK AGE ARSENAL + IRONSTORM SPEARHEAD,3,81.95,87.37,89.14,96.94,94.7,97.07,63.6,74.42,94.67,58.82,77.65,6.2,31.83,17,7
Dark Angels,71,combination,FULGURIS TASK FORCE + INTERROGATION CONCLAVE + SUBVERSION ASSETS,3,79.72,87.2,88.23,100,98.1,97.55,69.52,45.13,94.93,55.56,77.69,8.58,26.88,26,8
Dark Angels,72,single,SUBVERSION ASSETS,1,80.6,87.12,88.26,98.15,95.59,89.6,78.84,60.86,76.44,16.67,80,7.48,18.75,10,5
Dark Angels,73,combination,FULGURIS TASK FORCE + ORBITAL ASSAULT FORCE,3,81.88,87.1,88.1,97.14,93.52,97.41,74.34,51.29,96.27,70.59,76.84,5.99,34.05,19,5
Dark Angels,74,combination,FULGURIS TASK FORCE + INTERROGATION CONCLAVE + VENGEFUL HOSTS,3,81.58,86.97,88.1,99.42,95.44,98.7,68.53,48.69,98.27,66.67,76.84,6.2,33.03,19,6
Dark Angels,75,combination,ANVIL SIEGE FORCE + DARK AGE ARSENAL,3,81.22,86.92,89.58,97.05,95.67,97.55,63.03,66.74,95.95,64.71,77.78,6.56,39.89,18,6
Dark Angels,76,single,VANGUARD SPEARHEAD,2,80.66,86.79,88.14,98.99,94.87,98.25,58.32,70.28,98.67,72.73,76,7.06,38.71,15,3
Dark Angels,77,combination,BASTION TASK FORCE + DARK AGE ARSENAL,3,80.81,86.68,88.29,96.76,95.52,97.18,64.31,62.52,97.87,58.82,77.65,6.77,32,17,7
Dark Angels,78,combination,COMPANY OF HUNTERS + FULGURIS TASK FORCE,3,80.95,86.66,87.67,99.73,94.68,98.11,70.51,44.49,97.47,70.59,76.84,6.59,33.05,19,5
Dark Angels,79,combination,DARK AGE ARSENAL + INTERROGATION CONCLAVE + SUBVERSION ASSETS,3,79.33,86.55,87.95,99.23,97.52,96.17,60.03,64.41,92.93,38.89,78.26,8.34,25.59,23,11
Dark Angels,80,combination,LIBRARIUS CONCLAVE + SUBVERSION ASSETS + VENGEFUL HOSTS,3,78.35,86.47,86.92,100,100,93.03,58.6,65.87,91.13,50,78.06,9.39,27.29,31,9
Dark Angels,81,combination,1ST COMPANY TASK FORCE + DARK AGE ARSENAL,3,81.08,86.43,87.9,97.59,95.26,97,63.54,62.89,94.07,58.82,77.65,6.19,41.02,17,7
Dark Angels,82,combination,DARK AGE ARSENAL + ORBITAL ASSAULT FORCE,3,81.48,86.14,87.1,94.88,92.76,96.03,59.99,80.52,94.27,52.94,77.5,5.41,33.24,16,8
Dark Angels,83,combination,INNER CIRCLE TASK FORCE + LIBRARIUS CONCLAVE,3,77.37,86.12,86.72,100,100,93.01,52.75,72.59,94.27,94.12,77.93,10.16,34.58,29,1
Dark Angels,84,combination,FULGURIS TASK FORCE + SUBVERSION ASSETS,2,79.04,86.1,86.92,100,96.63,94.56,76.6,32.83,88.56,41.67,77.14,8.2,25.1,21,7
Dark Angels,85,combination,FULGURIS TASK FORCE + VENGEFUL HOSTS,2,81.43,86.02,87.18,97.85,93.62,97.06,75.41,38.17,94.67,58.33,75.71,5.34,31.83,14,5
Dark Angels,86,combination,DARK AGE ARSENAL + INTERROGATION CONCLAVE + VENGEFUL HOSTS,3,81.1,85.91,87.39,97.22,94.72,97.24,58.74,68.18,95.47,50,77.5,5.6,31.97,16,9
Dark Angels,87,combination,INTERROGATION CONCLAVE + LIBRARIUS CONCLAVE + VENGEFUL HOSTS,3,78.07,85.86,86.5,100,99.53,95.77,50.6,67.92,98.27,72.22,77.69,9.07,32.59,26,5
Dark Angels,88,combination,FULGURIS TASK FORCE + HEADHUNTER TASK FORCE,3,80.33,85.69,86.47,99.33,94.26,97.41,66.96,45.88,95.87,70.59,76.84,6.26,33.07,19,5
Dark Angels,89,combination,FIRESTORM ASSAULT FORCE + LIBRARIUS CONCLAVE,3,77.25,85.57,86.36,99.98,98.54,92.68,50.9,75.05,94.27,94.12,77.93,9.72,34.65,29,1
Dark Angels,90,combination,COMPANY OF HUNTERS + DARK AGE ARSENAL,3,80.37,85.44,86.77,96.05,94.02,96.73,56.15,73.71,95.47,52.94,77.5,5.93,32.08,16,8
Dark Angels,91,combination,FULGURIS TASK FORCE + LION’S BLADE TASK FORCE,3,79.85,85.44,86.56,100,94.99,97.83,64.85,43.93,95.23,76.47,77,6.54,38.94,20,4
Dark Angels,92,combination,IRONSTORM SPEARHEAD + LIBRARIUS CONCLAVE,3,77.28,85.42,86.14,100,98.54,92.68,50.82,73.68,94.27,82.35,77.78,9.53,32.42,27,3
Dark Angels,93,combination,FULGURIS TASK FORCE + VANGUARD SPEARHEAD,3,79.3,85.18,86.28,99.89,94.87,98.25,66.24,36.54,98.67,70.59,76.84,6.9,37.02,19,5
Dark Angels,94,combination,LIBRARIUS CONCLAVE + ORBITAL ASSAULT FORCE,3,76.71,85.03,86.24,98.84,98.31,92.63,47.29,79.87,94.27,76.47,77.69,9.78,33.36,26,4
Dark Angels,95,combination,DARKFLIGHT PURSUIT + INNER CIRCLE TASK FORCE,3,78.4,85.02,85.88,100,96.25,81.65,67.82,69.55,82.07,82.35,77.14,7.79,34.26,21,3
Dark Angels,96,combination,DARKFLIGHT PURSUIT + SUBVERSION ASSETS + VENGEFUL HOSTS,3,79.03,84.95,85.76,100,96.68,83.11,68.66,64.36,79.86,38.89,77.39,6.97,24.62,23,11
Dark Angels,97,single,INTERROGATION CONCLAVE,1,79.71,84.94,86.62,94.6,94.1,98.26,55.19,69.73,96.67,83.33,75,6.16,34.2,12,1
Dark Angels,98,combination,INTERROGATION CONCLAVE + LIBRARIUS CONCLAVE + SUBVERSION ASSETS,3,76.22,84.91,85.34,100,100,93.03,51.41,64.62,91.13,61.11,78.18,10.23,27.92,33,7
Dark Angels,99,combination,DARK AGE ARSENAL + SUBVERSION ASSETS,2,78.53,84.9,85.87,97.42,96.05,93.18,62.51,59.36,86.56,16.67,77.78,7.5,23.37,18,10
Dark Angels,100,combination,LIBRARIUS CONCLAVE + UNFORGIVEN TASK FORCE,3,77.01,84.82,85.86,100,98.87,92.65,46.96,75.27,93.07,88.24,77.86,9.21,40.87,28,2
Dark Angels,101,combination,DARK AGE ARSENAL + VENGEFUL HOSTS,2,80.85,84.81,86.02,94.72,92.89,95.54,60.85,67.7,91.87,33.33,76.36,4.67,30.2,11,8
Dark Angels,102,combination,FULGURIS TASK FORCE + LIBRARIUS CONCLAVE + VENGEFUL HOSTS,3,76.98,84.76,85.49,100,99.03,95.67,57.05,45.48,98.27,66.67,77.6,9.18,31.32,25,6
Dark Angels,103,combination,ANVIL SIEGE FORCE + LIBRARIUS CONCLAVE,3,76.55,84.73,85.66,100,99.1,92.77,50.2,66.67,93.87,88.24,77.86,9.65,37.85,28,2
Dark Angels,104,combination,1ST COMPANY TASK FORCE + LIBRARIUS CONCLAVE,3,76.37,84.71,85.48,100,99.95,92.79,50.73,62.7,94.87,82.35,77.78,9.85,38.62,27,3
Dark Angels,105,combination,DARK AGE ARSENAL + FULGURIS TASK FORCE + SUBVERSION ASSETS,3,78.2,84.66,85.64,98.57,96.05,94.68,66.48,41.97,90.13,33.33,78.18,7.63,24.1,22,12
Dark Angels,106,combination,DARK AGE ARSENAL + LIBRARIUS CONCLAVE + VENGEFUL HOSTS,3,76.32,84.59,85.52,99.2,99.03,95.63,47.44,64.86,97.87,50,78.18,9.78,30.42,22,9
Dark Angels,107,combination,BASTION TASK FORCE + LIBRARIUS CONCLAVE,3,76.09,84.43,85.23,100,98.87,92.74,51.54,61.42,94.27,82.35,77.78,9.88,32.54,27,3
Dark Angels,108,combination,DARKFLIGHT PURSUIT + FIRESTORM ASSAULT FORCE,3,78.28,84.39,85.82,99.92,95.47,80.06,65.99,71.9,82.67,82.35,77.14,7.24,34.35,21,3
Dark Angels,109,combination,DARK AGE ARSENAL + LION’S BLADE TASK FORCE,3,79.32,84.37,85.83,97.34,94.31,96.38,50.52,73.26,92.43,58.82,77.65,5.99,38.81,17,7
Dark Angels,110,combination,LIBRARIUS CONCLAVE + VENGEFUL HOSTS,2,76.18,84.34,85.13,100,99.03,92.63,48.39,66.88,93.87,66.67,77.14,9.68,31.74,21,4
Dark Angels,111,combination,DARK AGE ARSENAL + HEADHUNTER TASK FORCE,3,79.6,84.33,85.36,95,93.42,95.95,52.65,76.01,93.07,52.94,77.5,5.61,32.18,16,8
Dark Angels,112,combination,DARK AGE ARSENAL + VANGUARD SPEARHEAD,3,78.63,84.01,85.49,96.34,94.27,96.87,51.91,65.87,96.67,52.94,77.5,6.4,36.62,16,8
Dark Angels,113,combination,COMPANY OF HUNTERS + LIBRARIUS CONCLAVE,3,75.77,83.98,84.77,100,98.87,92.76,43.46,73.06,94.27,76.47,77.69,9.78,32.63,26,4
Dark Angels,114,combination,DARKFLIGHT PURSUIT + INTERROGATION CONCLAVE + SUBVERSION ASSETS,3,76.9,83.97,85.22,100,97.48,84.45,61.48,62.76,82.66,50,77.6,8.42,25.55,25,9
Dark Angels,115,combination,DARK AGE ARSENAL + LIBRARIUS CONCLAVE + SUBVERSION ASSETS,3,74.64,83.95,84.44,99.82,99.95,92.99,48.43,61.54,91.13,38.89,78.62,11.09,25.91,29,11
Dark Angels,116,combination,FULGURIS TASK FORCE + LIBRARIUS CONCLAVE + SUBVERSION ASSETS,3,75.25,83.93,84.38,100,99.95,92.99,57.84,42.18,91.13,55.56,78.13,10.34,26.9,32,8
Dark Angels,117,combination,DARK AGE ARSENAL + FULGURIS TASK FORCE + VENGEFUL HOSTS,3,79.98,83.9,84.95,96.26,93.04,95.68,65.21,45.73,92.67,44.44,77.33,4.67,29.84,15,10
Dark Angels,118,combination,FULGURIS TASK FORCE + INTERROGATION CONCLAVE,2,78.56,83.9,85.42,96.29,94.18,98.41,64.66,36.07,97.47,75,76.25,6.36,32.97,16,3
Dark Angels,119,combination,DARKFLIGHT PURSUIT + UNFORGIVEN TASK FORCE,3,77.93,83.82,86.46,99.19,97.1,80.57,61.86,71.42,81.51,76.47,77,7.03,42.83,20,4
Dark Angels,120,combination,DARKFLIGHT PURSUIT + IRONSTORM SPEARHEAD,3,78.3,83.74,85.13,99.67,94.95,79.42,65.81,70.32,79.87,70.59,76.84,6.5,31.22,19,5
Dark Angels,121,combination,DARKFLIGHT PURSUIT + INTERROGATION CONCLAVE + VENGEFUL HOSTS,3,78.75,83.63,84.85,99.42,94.82,85.48,60.25,65.92,86,61.11,76.67,5.84,31.22,18,7
Dark Angels,122,combination,ANVIL SIEGE FORCE + DARKFLIGHT PURSUIT,3,77.57,83.29,85.42,99.77,95.82,79.89,65.23,63,81.15,76.47,77,6.87,38.65,20,4
Dark Angels,123,combination,HEADHUNTER TASK FORCE + LIBRARIUS CONCLAVE,3,75.06,83.23,83.94,99.97,98.54,92.67,39.9,73.69,94.27,76.47,77.69,9.82,32.67,26,4
Dark Angels,124,combination,LIBRARIUS CONCLAVE + LION’S BLADE TASK FORCE,3,74.63,83.07,83.73,100,99.93,92.95,37.81,72.37,93.87,82.35,77.78,10.16,37.06,27,3
Dark Angels,125,combination,FULGURIS TASK FORCE + INTERROGATION CONCLAVE + LIBRARIUS CONCLAVE,3,74.85,82.94,83.92,99.35,98.47,95.67,49.87,44.27,98.27,77.78,77.78,9.75,32,27,4
Dark Angels,126,combination,LIBRARIUS CONCLAVE + SUBVERSION ASSETS,2,73.89,82.85,83.35,100,99.47,88.39,49.64,61.98,83.56,50,80,10.81,24.57,21,6
Dark Angels,127,combination,DARK AGE ARSENAL + INTERROGATION CONCLAVE,2,78.15,82.82,84.43,93.73,93.7,96.88,50.21,64.99,94.67,50,76.92,5.64,31.67,13,6
Dark Angels,128,combination,BASTION TASK FORCE + DARKFLIGHT PURSUIT,3,77.02,82.82,84.22,98.65,95.61,79.51,66.53,58.34,82.87,70.59,76.84,7,31.36,19,5
Dark Angels,129,combination,1ST COMPANY TASK FORCE + DARKFLIGHT PURSUIT,3,77.27,82.76,84.01,100,95.47,79.35,65.75,59.11,79.27,70.59,76.84,6.63,39.69,19,5
Dark Angels,130,combination,DARK AGE ARSENAL + FULGURIS TASK FORCE + INTERROGATION CONCLAVE,3,77.96,82.71,84.24,95.27,93.79,97.03,58.08,44.13,95.47,55.56,77.65,5.74,31.03,17,8
Dark Angels,131,combination,DARK AGE ARSENAL + INTERROGATION CONCLAVE + LIBRARIUS CONCLAVE,3,74.38,82.68,83.88,98.12,98.47,95.63,40.29,63.62,97.87,61.11,78.33,10.04,31.2,24,7
Dark Angels,132,combination,LIBRARIUS CONCLAVE + VANGUARD SPEARHEAD,3,74.04,82.39,83.18,100,99.04,92.79,39.2,65.15,94.27,76.47,77.69,10.13,35.52,26,4
Dark Angels,133,combination,DARKFLIGHT PURSUIT + ORBITAL ASSAULT FORCE,3,77.64,82.35,83.34,97.14,92.91,78.3,62.22,76.53,78.67,64.71,76.67,5.72,32.44,18,6
Dark Angels,134,combination,DARKFLIGHT PURSUIT + FULGURIS TASK FORCE + SUBVERSION ASSETS,3,75.9,82.2,83.02,100,96.01,82.96,67.92,40.31,79.86,44.44,77.5,7.66,24.17,24,10
Dark Angels,135,combination,DARKFLIGHT PURSUIT + LIBRARIUS CONCLAVE + VENGEFUL HOSTS,3,74.15,81.88,82.6,100,99.03,83.67,48.91,62.31,87.6,61.11,77.5,9.44,30,24,7
Dark Angels,136,combination,COMPANY OF HUNTERS + DARKFLIGHT PURSUIT,3,76.71,81.86,82.9,99.63,94,78.97,58.38,69.73,79.87,64.71,76.67,6.29,31.38,18,6
Dark Angels,137,combination,INTERROGATION CONCLAVE + LIBRARIUS CONCLAVE,2,73.39,81.65,82.79,98.84,98.47,92.63,37.66,65.13,93.87,83.33,77.39,10.12,32.5,23,2
Dark Angels,138,combination,DARKFLIGHT PURSUIT + FULGURIS TASK FORCE + VENGEFUL HOSTS,3,77.65,81.64,82.58,98.84,92.95,83.89,66.72,43.48,83.2,55.56,76.47,4.89,29.31,17,8
Dark Angels,139,combination,DARK AGE ARSENAL + DARKFLIGHT PURSUIT + SUBVERSION ASSETS,3,75.38,81.54,82.5,98.57,95.42,81.58,58.39,60.8,77.86,27.78,78.1,7.55,22.55,21,13
Dark Angels,140,combination,DARK AGE ARSENAL + FULGURIS TASK FORCE + LIBRARIUS CONCLAVE,3,73.25,81.46,82.57,97.55,97.97,95.52,46.73,41.17,97.87,55.56,78.26,10.08,29.8,23,8
Dark Angels,141,combination,DARKFLIGHT PURSUIT + VENGEFUL HOSTS,2,77.2,81.17,82.43,97.71,92.8,77.74,63.12,64.02,77.07,50,75.38,4.89,29.48,13,6
Dark Angels,142,single,FULGURIS TASK FORCE,1,76.76,81.08,82.32,94.7,92.08,96.57,74.37,2.4,93.87,66.67,74.55,5.33,31.46,11,2
Dark Angels,143,combination,DARKFLIGHT PURSUIT + SUBVERSION ASSETS,2,74.8,80.97,81.81,99.49,94.36,74.98,64.75,59.87,70.96,33.33,80,7.62,18.75,14,8
Dark Angels,144,combination,DARKFLIGHT PURSUIT + LIBRARIUS CONCLAVE + SUBVERSION ASSETS,3,72.43,80.96,81.43,100,99.47,80.89,49.94,59.08,80.46,50,80,10.54,23.73,25,9
Dark Angels,145,combination,DARKFLIGHT PURSUIT + HEADHUNTER TASK FORCE,3,76.09,80.94,81.73,99.33,93.59,78.3,54.87,71.32,78.27,64.71,76.67,5.99,31.51,18,6
Dark Angels,146,combination,DARKFLIGHT PURSUIT + LION’S BLADE TASK FORCE,3,75.62,80.69,81.8,100,94.37,78.72,52.75,69.17,77.63,70.59,76.84,6.28,37.61,19,5
Dark Angels,147,combination,DARK AGE ARSENAL + DARKFLIGHT PURSUIT + VENGEFUL HOSTS,3,77.16,80.47,81.59,95.93,92.41,82.36,56.76,63.36,80.4,38.89,77.14,4.11,27.58,14,11
Dark Angels,148,combination,DARKFLIGHT PURSUIT + VANGUARD SPEARHEAD,3,75.07,80.45,81.55,99.89,94.23,79.15,54.14,61.98,81.07,64.71,76.67,6.69,35.49,18,6
Dark Angels,149,combination,DARKFLIGHT PURSUIT + FULGURIS TASK FORCE + INTERROGATION CONCLAVE,3,75.54,80.39,81.79,97.5,93.68,85.23,59.59,42.07,86,66.67,76.84,6.03,30.39,19,6
Dark Angels,150,combination,FULGURIS TASK FORCE + LIBRARIUS CONCLAVE,2,71.91,80.23,81.14,99.67,97.97,92.52,47.3,31.47,93.87,75,77.27,10.37,31.06,22,3
Dark Angels,151,combination,DARK AGE ARSENAL + FULGURIS TASK FORCE,2,76.51,80.11,81.25,92.27,91.68,95.19,59.85,31.33,91.87,41.67,76.67,4.49,29.04,12,7
Dark Angels,152,combination,DARKFLIGHT PURSUIT + INTERROGATION CONCLAVE + LIBRARIUS CONCLAVE,3,72.03,80.07,81.04,99.35,98.47,83.67,41.77,61.1,87.6,72.22,77.69,10.04,30.74,26,5
Dark Angels,153,combination,DARK AGE ARSENAL + LIBRARIUS CONCLAVE,2,71.26,79.47,80.75,95.96,97.9,92.45,33.06,60.47,93.07,50,77.89,10.33,30,19,6
Dark Angels,154,single,DARK AGE ARSENAL,1,76.26,79.35,80.51,90.16,91.24,94.95,45.92,57.85,91.07,16.67,75,3.89,29.21,8,5
Dark Angels,155,combination,DARK AGE ARSENAL + DARKFLIGHT PURSUIT + INTERROGATION CONCLAVE,3,75.14,79.3,80.92,94.88,93.21,83.71,49.73,61.75,83.2,50,77.5,5.25,28.94,16,9
Dark Angels,156,combination,DARKFLIGHT PURSUIT + INTERROGATION CONCLAVE,2,74.32,79.1,80.8,96.14,93.52,79.09,52.46,61.91,79.87,66.67,76,6.04,30.81,15,4
Dark Angels,157,combination,DARKFLIGHT PURSUIT + FULGURIS TASK FORCE + LIBRARIUS CONCLAVE,3,71.15,79.04,79.88,99.77,97.97,83.56,48.2,38.66,87.6,66.67,77.6,9.98,29.43,25,6
Dark Angels,158,combination,DARK AGE ARSENAL + DARKFLIGHT PURSUIT + LIBRARIUS CONCLAVE,3,70.43,78.25,79.68,97.55,97.7,82.56,38.54,58.08,85.8,50,78.18,9.99,28.33,22,9
Dark Angels,159,combination,DARK AGE ARSENAL + DARKFLIGHT PURSUIT + FULGURIS TASK FORCE,3,74.01,76.99,78.12,93.41,90.9,82.01,56.15,39.31,80.4,44.44,77.33,3.87,26.72,15,10
Dark Angels,160,combination,DARKFLIGHT PURSUIT + FULGURIS TASK FORCE,2,72.91,76.59,77.77,95.99,91.26,77.39,62.1,28.24,77.07,58.33,75.71,4.8,28.5,14,5
Dark Angels,161,combination,DARKFLIGHT PURSUIT + LIBRARIUS CONCLAVE,2,67.67,75.54,76.35,98.97,97.49,74.22,35.03,56.59,77.27,66.67,80,10.42,27.58,15,4
Dark Angels,162,combination,DARK AGE ARSENAL + DARKFLIGHT PURSUIT,2,72.28,75.2,76.38,91.72,90.61,75.87,47.39,58.37,74.27,33.33,76.36,3.88,26.2,11,8
Dark Angels,163,single,LIBRARIUS CONCLAVE,1,66.52,73.75,75.3,95.25,96.4,82.74,20.3,60.27,79.27,83.33,80,9.8,30.65,11,1
Dark Angels,164,single,DARKFLIGHT PURSUIT,1,68.29,69.35,70.05,89.62,87.08,57.97,48.37,54.08,59.67,50,80,1.53,18.75,4,3
Blood Angels,1,single,FIRESTORM ASSAULT FORCE,2,86.9,94.59,95.64,100,97.47,99.88,81.28,89.86,100,100,76.84,8.13,36.1,19,0
Blood Angels,2,single,LIBERATOR ASSAULT GROUP,3,87.48,94.26,95.36,99.96,96.17,99.52,82.94,87.39,99.96,72.73,76.25,7.19,39.46,16,3
Blood Angels,3,single,IRONSTORM SPEARHEAD,2,86.89,93.98,95.13,100,96.61,99.25,81.48,86.82,100,81.82,76.47,7.54,33.05,17,2
Blood Angels,4,combination,FIRESTORM ASSAULT FORCE + VENGEFUL HOSTS,3,86.64,93.43,94.53,100,97.65,99.99,78.99,82.26,100,82.35,77.27,7.27,35.8,22,3
Blood Angels,5,single,RAGE-CURSED ONSLAUGHT,3,86.58,93.3,94.48,100,96.33,98.86,78.62,87.95,98.44,72.73,76.25,7.2,38.13,16,3
Blood Angels,6,combination,IRONSTORM SPEARHEAD + VENGEFUL HOSTS,3,86.75,92.94,94.1,100,96.79,99.38,79.07,80.51,100,70.59,77,6.66,33.09,20,5
Blood Angels,7,single,THE ANGELIC HOST,2,85.84,92.81,93.82,100,97.54,99.16,81.52,72.91,100,100,76.84,7.51,38.26,19,0
Blood Angels,8,single,GLADIUS TASK FORCE,3,85.5,92.75,93.7,100,97.25,99.16,73.17,89.67,100,72.73,76.25,7.82,35.38,16,3
Blood Angels,9,single,ANVIL SIEGE FORCE,2,85.41,92.75,94.07,100,97.72,99.96,80.34,72.6,100,90.91,76.67,7.91,41.02,18,1
Blood Angels,10,combination,ANVIL SIEGE FORCE + VENGEFUL HOSTS,3,86.01,92.48,93.68,100,97.95,100,78.43,73.06,100,76.47,77.14,7,40.1,21,4
Blood Angels,11,combination,THE ANGELIC HOST + VENGEFUL HOSTS,3,86.37,92.39,93.36,100,97.54,99.26,78.92,73.71,100,82.35,77.27,6.52,37.69,22,3
Blood Angels,12,single,ORBITAL ASSAULT FORCE,2,86.15,92.38,93.72,97.43,94.85,98.12,74.49,97.49,98.2,72.73,76.25,6.74,34.59,16,3
Blood Angels,13,combination,FIRESTORM ASSAULT FORCE + SUBVERSION ASSETS,3,83.93,92.35,93,100,99.97,97.05,77.16,77.88,94.49,70.59,77.93,9.12,30.47,29,5
Blood Angels,14,combination,ENCARMINE SPEARTIP + FIRESTORM ASSAULT FORCE,3,85.05,92.34,93.2,100,98.25,100,73.74,80.31,100,82.35,77.27,7.89,35.8,22,3
Blood Angels,15,combination,BASTION TASK FORCE + VENGEFUL HOSTS,3,85.65,92.32,93.09,100,98.48,99.43,79.76,68.61,100,70.59,77,7.22,33.26,20,5
Blood Angels,16,combination,FIRESTORM ASSAULT FORCE + LEGACY OF GRACE,3,84.61,92.31,93.34,98.91,98.15,100,80.1,69.73,100,88.24,80.87,8.34,33.98,23,2
Blood Angels,17,combination,ORBITAL ASSAULT FORCE + VENGEFUL HOSTS,3,86.17,92.08,92.93,100,95.41,98.23,75.49,85.76,98.2,64.71,76.84,6.42,34.42,19,6
Blood Angels,18,combination,FIRESTORM ASSAULT FORCE + WRATH OF THE DOOMED,3,84.79,92.08,93.08,100,98.17,100,77.82,69.75,100,82.35,77.27,7.92,36.7,22,3
Blood Angels,19,combination,ENCARMINE SPEARTIP + IRONSTORM SPEARHEAD,3,85.1,92.06,92.95,100,97.77,100,73.82,78.56,100,70.59,77,7.56,33.09,20,5
Blood Angels,20,combination,IRONSTORM SPEARHEAD + LEGACY OF GRACE,3,84.82,92.05,93.08,99.26,97.46,100,80.18,67.98,100,76.47,80.95,7.85,31.1,21,4
Blood Angels,21,single,BASTION TASK FORCE,2,84.72,91.95,93.14,99.2,97.43,99.33,83.01,62.8,100,81.82,76.47,7.86,33.25,17,2
Blood Angels,22,single,ANGELIC INHERITORS,3,84.59,91.89,92.97,99.94,97.59,100,75.42,74.21,100,54.55,75.71,7.94,35,14,5
Blood Angels,23,combination,IRONSTORM SPEARHEAD + SUBVERSION ASSETS,3,83.98,91.84,92.78,100,99.39,96.43,77.3,75.99,92.89,58.82,77.78,8.56,27.77,27,7
Blood Angels,24,combination,IRONSTORM SPEARHEAD + WRATH OF THE DOOMED,3,84.81,91.69,92.72,100,97.3,100,77.88,67.86,100,70.59,77,7.5,34.15,20,5
Blood Angels,25,combination,LEGACY OF GRACE + THE ANGELIC HOST,3,84.38,91.62,92.31,99.58,98.31,100,80.04,61.19,100,88.24,80.87,7.9,35.64,23,2
Blood Angels,26,combination,ANVIL SIEGE FORCE + LEGACY OF GRACE,3,84.08,91.57,92.65,99.76,98.51,100,79.55,60.8,100,82.35,80.91,8.18,37.83,22,3
Blood Angels,27,combination,ENCARMINE SPEARTIP + THE ANGELIC HOST,3,84.58,91.56,92.28,100,98.59,99.99,73.67,71.77,100,82.35,77.27,7.62,37.69,22,3
Blood Angels,28,combination,STORMLANCE TASK FORCE + VENGEFUL HOSTS,3,84.68,91.49,92.35,100,98.08,100,69.16,81.39,100,76.47,77.14,7.44,32.55,21,4
Blood Angels,29,combination,ANVIL SIEGE FORCE + ENCARMINE SPEARTIP,3,84.36,91.46,92.43,100,98.85,100,73.18,71.12,100,76.47,77.14,7.76,40.1,21,4
Blood Angels,30,combination,ANVIL SIEGE FORCE + SUBVERSION ASSETS,3,83.25,91.31,92.07,100,99.99,97.12,76.67,68.23,94.57,64.71,77.86,8.83,33.16,28,6
Blood Angels,31,combination,BASTION TASK FORCE + LEGACY OF GRACE,3,83.81,91.27,92.24,99.26,98.42,100,80.88,56.35,100,76.47,80.95,8.17,31.22,21,4
Blood Angels,32,combination,THE ANGELIC HOST + WRATH OF THE DOOMED,3,84.35,91.17,91.9,100,98.01,100,77.76,61.18,100,82.35,77.27,7.48,38.65,22,3
Blood Angels,33,combination,SUBVERSION ASSETS + THE ANGELIC HOST,3,83.47,91.13,92.15,100,99.52,96.11,77.23,69.3,93.13,70.59,77.93,8.41,31.57,29,5
Blood Angels,34,combination,ANVIL SIEGE FORCE + WRATH OF THE DOOMED,3,84.08,91.07,92.2,100,98.42,100,77.27,60.1,100,76.47,77.14,7.68,41.1,21,4
Blood Angels,35,combination,ORBITAL ASSAULT FORCE + SUBVERSION ASSETS,3,83.23,91.06,92.08,100,98.22,95.53,73.79,81.17,90.49,52.94,77.69,8.6,28.36,26,8
Blood Angels,36,combination,LEGACY OF GRACE + ORBITAL ASSAULT FORCE,3,84.37,91.04,92.11,97.44,95.91,99.5,76.62,73.5,100,70.59,81,7.33,32.17,20,5
Blood Angels,37,combination,THE LOST BRETHREN + VENGEFUL HOSTS,3,84.94,91,92.11,100,97.15,99.19,77.43,64.38,99.04,76.47,77.14,6.66,41.43,21,4
Blood Angels,38,single,CERAMITE SENTINELS,3,83.94,91,91.84,100,97.15,98.64,72.02,75.81,100,90.91,76.67,7.76,35.12,18,1
Blood Angels,39,combination,BASTION TASK FORCE + SUBVERSION ASSETS,3,82.71,91,91.66,100,99.66,96.62,78.02,64.23,94.59,58.82,77.78,9.11,27.81,27,7
Blood Angels,40,combination,LEGACY OF GRACE + SUBVERSION ASSETS + VENGEFUL HOSTS,3,83.17,90.96,91.7,100,99,98.41,76.33,64.59,96.06,44.44,80.8,8.56,25.09,25,10
Blood Angels,41,combination,1ST COMPANY TASK FORCE + VENGEFUL HOSTS,3,84.88,90.92,91.95,100,97.09,99.43,75.91,65.82,100,70.59,77,6.64,41.1,20,5
Blood Angels,42,combination,BASTION TASK FORCE + ENCARMINE SPEARTIP,3,83.82,90.92,92,99.65,97.69,100,74.51,66.67,100,70.59,77,7.81,33.26,20,5
Blood Angels,43,combination,BASTION TASK FORCE + WRATH OF THE DOOMED,3,83.57,90.87,91.75,100,98.18,100,78.59,56.1,100,70.59,77,8.03,34.35,20,5
Blood Angels,44,combination,ENCARMINE SPEARTIP + ORBITAL ASSAULT FORCE,3,84.34,90.85,92.17,98.4,95.92,98.95,70.24,83.81,99.4,64.71,76.84,7.17,34.42,19,6
Blood Angels,45,single,VENGEFUL HOSTS,1,84.71,90.8,91.9,99,95.15,98.03,76.61,74.02,97.6,50,74.55,6.71,32.2,11,3
Blood Angels,46,combination,ORBITAL ASSAULT FORCE + WRATH OF THE DOOMED,3,84.09,90.65,91.81,98.91,95.66,99.06,74.31,73.04,99.4,64.71,76.84,7.24,35.58,19,6
Blood Angels,47,single,STORMLANCE TASK FORCE,2,82.97,90.55,91.47,99.87,97.44,99.99,61.91,88.31,100,90.91,76.67,8.37,32.44,18,1
Blood Angels,48,combination,ENCARMINE SPEARTIP + LEGACY OF GRACE + VENGEFUL HOSTS,3,83.91,90.54,91.34,99.48,97.34,100,73.81,65.45,100,55.56,81.11,7.32,30.13,18,8
Blood Angels,49,combination,ENCARMINE SPEARTIP + SUBVERSION ASSETS + VENGEFUL HOSTS,3,83.22,90.54,91.43,100,99.28,97.86,72.11,69.67,95.26,38.89,77.5,8.08,26.45,24,11
Blood Angels,50,combination,LEGACY OF GRACE + VENGEFUL HOSTS,2,83.73,90.47,91.4,98.34,96.18,99.54,77.71,63.11,100,58.33,81.33,7.45,29.56,15,5
Blood Angels,51,combination,LEGACY OF GRACE + VENGEFUL HOSTS + WRATH OF THE DOOMED,3,83.75,90.44,91.1,99.88,96.99,100,76.5,59.17,100,55.56,81.11,7.4,31.38,18,8
Blood Angels,52,combination,STORMLANCE TASK FORCE + SUBVERSION ASSETS,3,81.88,90.41,90.86,100,100,97.3,67.47,76.95,95.19,64.71,77.86,9.43,27.38,28,6
Blood Angels,53,combination,HEADHUNTER TASK FORCE + VENGEFUL HOSTS,3,84.55,90.34,91.21,100,96.02,98.26,68.1,81.56,98.2,64.71,76.84,6.41,33.44,19,6
Blood Angels,54,combination,ENCARMINE SPEARTIP + LEGACY OF GRACE + SUBVERSION ASSETS,3,81.79,90.33,90.89,100,99.61,98.58,72.83,63.29,96.36,44.44,80.8,9.45,25.09,25,10
Blood Angels,55,combination,LEGACY OF GRACE + SUBVERSION ASSETS + WRATH OF THE DOOMED,3,81.66,90.29,90.91,100,99.03,98.62,75.53,58.82,96.36,44.44,80.8,9.56,25.95,25,10
Blood Angels,56,combination,ENCARMINE SPEARTIP + VENGEFUL HOSTS,2,84.01,90.28,91.23,99.9,96.28,98.98,71.29,72.07,99.4,50,75.71,6.95,32.42,14,6
Blood Angels,57,combination,LEGACY OF GRACE + THE LOST BRETHREN,3,83.06,90.25,91.14,99.52,97.79,100,78.56,51.85,100,82.35,80.91,7.97,39.04,22,3
Blood Angels,58,combination,LEGACY OF GRACE + STORMLANCE TASK FORCE,3,82.7,90.25,91.17,98.75,98.24,100,70.29,68.86,100,82.35,80.91,8.37,30.6,22,3
Blood Angels,59,combination,SUBVERSION ASSETS + VENGEFUL HOSTS + WRATH OF THE DOOMED,3,83.07,90.21,91.24,100,98.69,97.86,74.79,62.49,95.26,38.89,77.5,7.91,27.36,24,11
Blood Angels,60,combination,ENCARMINE SPEARTIP + STORMLANCE TASK FORCE,3,83,90.19,91.03,99.93,97.92,100,63.91,79.45,100,76.47,77.14,7.97,32.55,21,4
Blood Angels,61,single,THE LOST BRETHREN,2,83.29,90.18,91.45,100,96.92,98.98,78.45,55.37,98.44,90.91,76.67,7.64,42.56,18,1
Blood Angels,62,combination,ENCARMINE SPEARTIP + THE LOST BRETHREN,3,83.09,90.16,91.12,100,97.97,99.94,72.18,62.43,100,76.47,77.14,7.84,41.43,21,4
Blood Angels,63,combination,SUBVERSION ASSETS + VENGEFUL HOSTS,2,82.89,90.12,91.09,100,98.22,95.53,74.93,69.44,90.49,33.33,77.14,8.02,25.61,21,8
Blood Angels,64,combination,ENCARMINE SPEARTIP + VENGEFUL HOSTS + WRATH OF THE DOOMED,3,83.81,90.11,90.86,100,97.05,99.92,72.18,64.25,100,50,76.47,6.99,33.92,17,9
Blood Angels,65,combination,1ST COMPANY TASK FORCE + LEGACY OF GRACE,3,82.95,90.11,90.9,99.56,97.74,100,77.02,53.56,100,76.47,80.95,7.95,38.77,21,4
Blood Angels,66,combination,1ST COMPANY TASK FORCE + ENCARMINE SPEARTIP,3,83.11,90.05,90.86,100,98.14,100,70.65,63.87,100,70.59,77,7.71,41.1,20,5
Blood Angels,67,combination,STORMLANCE TASK FORCE + WRATH OF THE DOOMED,3,82.74,90.02,90.9,100,98.15,100,67.99,68.83,100,76.47,77.14,8.09,33.62,21,4
Blood Angels,68,combination,VENGEFUL HOSTS + WRATH OF THE DOOMED,2,83.73,89.98,90.85,100,96,99.02,75.35,61.31,99.4,50,75.71,6.95,34.03,14,6
Blood Angels,69,single,1ST COMPANY TASK FORCE,2,83.04,89.95,91.08,100,97.09,99.25,75.2,58.01,99.8,81.82,76.47,7.68,42.16,17,2
Blood Angels,70,combination,LEGACY OF GRACE + SUBVERSION ASSETS,2,80.99,89.95,90.72,99.4,99,96.87,75.98,61.23,92.49,41.67,80.91,9.96,24.13,22,7
Blood Angels,71,combination,ENCARMINE SPEARTIP + SUBVERSION ASSETS + WRATH OF THE DOOMED,3,81.57,89.82,90.43,100,99.61,98.62,71.29,61.19,96.36,38.89,77.5,9.19,27.36,24,11
Blood Angels,72,combination,THE LOST BRETHREN + WRATH OF THE DOOMED,3,82.86,89.77,90.72,100,97.52,99.95,76.27,51.45,100,76.47,77.14,7.7,42.45,21,4
Blood Angels,73,single,ARMOURED SPEARTIP,3,82.75,89.67,90.6,100,96.07,98.58,61.11,88.03,98.2,100,76.84,7.72,39.29,19,0
Blood Angels,74,combination,SUBVERSION ASSETS + THE LOST BRETHREN,3,81.98,89.67,90.86,100,99.13,96.11,75.73,59.57,91.33,64.71,77.86,8.58,34.03,28,6
Blood Angels,75,combination,VANGUARD SPEARHEAD + VENGEFUL HOSTS,3,83.29,89.66,90.58,100,97.09,99.34,67.08,71,100,64.71,76.84,7.1,37.33,19,6
Blood Angels,76,combination,1ST COMPANY TASK FORCE + WRATH OF THE DOOMED,3,82.89,89.63,90.48,100,97.56,100,74.73,52.91,100,70.59,77,7.52,42.1,20,5
Blood Angels,77,combination,1ST COMPANY TASK FORCE + SUBVERSION ASSETS,3,82,89.63,90.82,100,99.03,96.36,74.13,61.03,93.49,58.82,77.78,8.51,33.9,27,7
Blood Angels,78,combination,FIRESTORM ASSAULT FORCE + FULGURIS TASK FORCE,3,82.44,89.61,90.61,100,97.47,99.88,77.91,46.81,100,88.24,77.39,8,35.18,23,2
Blood Angels,79,combination,HEADHUNTER TASK FORCE + LEGACY OF GRACE,3,82.55,89.46,90.41,97.77,96.69,99.54,69.23,69.75,100,70.59,81,7.72,31.35,20,5
Blood Angels,80,combination,ENCARMINE SPEARTIP + LEGACY OF GRACE + WRATH OF THE DOOMED,3,82.4,89.45,90.28,98.76,97.23,100,73,57.88,100,55.56,81.11,7.88,31.38,18,8
Blood Angels,81,combination,ENCARMINE SPEARTIP + HEADHUNTER TASK FORCE,3,82.88,89.44,90.42,99.93,96.62,98.98,62.85,79.61,99.4,64.71,76.84,7.33,33.44,19,6
Blood Angels,82,combination,HEADHUNTER TASK FORCE + SUBVERSION ASSETS,3,81.77,89.38,90.18,100,98.81,95.49,66.38,77.77,90.49,52.94,77.69,8.51,27.86,26,8
Blood Angels,83,combination,ENCARMINE SPEARTIP + SUBVERSION ASSETS,2,81.01,89.35,90.25,100,99.28,96.32,69.68,67.49,91.69,33.33,77.14,9.33,25.61,21,8
Blood Angels,84,combination,LEGACY OF GRACE + WRATH OF THE DOOMED,2,81.89,89.23,90.11,97.49,96.48,100,76.51,53.1,100,58.33,81.33,8.23,31.03,15,5
Blood Angels,85,combination,HEADHUNTER TASK FORCE + WRATH OF THE DOOMED,3,82.61,89.21,90.19,99.97,96.32,99.09,66.93,69.65,99.4,64.71,76.84,7.4,34.56,19,6
Blood Angels,86,combination,ENCARMINE SPEARTIP + LEGACY OF GRACE,2,82.1,89.13,90.02,96.87,96.6,100,72.46,61.17,100,58.33,81.33,7.89,29.56,15,5
Blood Angels,87,combination,FULGURIS TASK FORCE + IRONSTORM SPEARHEAD,3,82.47,89.11,90.22,100,96.61,99.27,77.98,45.06,100,76.47,77.14,7.45,32.4,21,4
Blood Angels,88,single,HEADHUNTER TASK FORCE,2,82.53,89.08,90.02,99.28,95.62,98.16,59.73,88.29,98.2,72.73,76.25,7.35,33.46,16,3
Blood Angels,89,single,LEGACY OF GRACE,1,81.51,88.8,89.66,95.05,95.78,99.34,78.78,52.2,100,66.67,81.67,8.21,28.75,12,2
Blood Angels,90,combination,ENCARMINE SPEARTIP + WRATH OF THE DOOMED,2,81.89,88.78,89.87,98.95,96.32,99.74,70.1,59.37,100,50,75.71,7.76,34.03,14,6
Blood Angels,91,combination,ENCARMINE SPEARTIP + VANGUARD SPEARHEAD,3,81.64,88.74,89.62,100,97.87,100,61.83,69.06,100,64.71,76.84,8,37.33,19,6
Blood Angels,92,combination,LEGACY OF GRACE + VANGUARD SPEARHEAD,3,81.33,88.71,89.74,98.69,97.65,100,68.21,59.19,100,70.59,81,8.32,34.89,20,5
Blood Angels,93,combination,ANVIL SIEGE FORCE + FULGURIS TASK FORCE,3,81.73,88.66,89.87,100,97.72,100,77.36,37.55,100,82.35,77.27,7.82,39.31,22,3
Blood Angels,94,combination,FULGURIS TASK FORCE + THE ANGELIC HOST,3,82.04,88.62,89.57,100,97.54,99.16,77.86,38.27,100,88.24,77.39,7.42,36.98,23,2
Blood Angels,95,combination,SUBVERSION ASSETS + WRATH OF THE DOOMED,2,80.78,88.57,89.49,100,98.69,96.29,73.73,53.13,91.69,33.33,77.14,8.8,26.63,21,8
Blood Angels,96,combination,SUBVERSION ASSETS + VANGUARD SPEARHEAD,3,80.53,88.5,89.44,100,99.39,96.4,65.41,66.42,92.89,52.94,77.69,9.01,30.41,26,8
Blood Angels,97,single,ENCARMINE SPEARTIP,1,81.75,88.44,89.62,97.95,95.52,98.8,66.11,70.13,99.4,50,74.55,7.56,32.2,11,3
Blood Angels,98,combination,FULGURIS TASK FORCE + LEGACY OF GRACE + VENGEFUL HOSTS,3,82.06,88.42,89.29,99.31,96.18,99.54,76.6,42.87,100,61.11,81.05,7.19,29.39,19,7
Blood Angels,99,combination,FULGURIS TASK FORCE + LEGACY OF GRACE + SUBVERSION ASSETS,3,80.04,88.4,89.08,100,99,98.37,75.6,40.52,96.06,50,80.77,9.46,24.66,26,9
Blood Angels,100,combination,VANGUARD SPEARHEAD + WRATH OF THE DOOMED,3,81.35,88.38,89.23,100,97.46,100,65.92,58.29,100,64.71,76.84,7.95,38.49,19,6
Blood Angels,101,combination,FULGURIS TASK FORCE + SUBVERSION ASSETS + VENGEFUL HOSTS,3,81.49,88.32,89.25,100,98.22,97.03,74.86,46.89,94.06,44.44,77.6,7.73,25.98,25,10
Blood Angels,102,combination,BASTION TASK FORCE + FULGURIS TASK FORCE,3,81.25,88.2,89.28,99.65,97.43,99.33,78.69,33.1,100,76.47,77.14,7.88,32.55,21,4
Blood Angels,103,combination,ENCARMINE SPEARTIP + FULGURIS TASK FORCE + VENGEFUL HOSTS,3,82.23,88.18,89.06,100,96.28,98.98,72.28,48.85,99.4,55.56,76.67,6.75,31.71,18,8
Blood Angels,104,combination,ENCARMINE SPEARTIP + FULGURIS TASK FORCE + SUBVERSION ASSETS,3,80.11,87.98,88.82,100,99.28,97.82,71.36,45.59,95.26,44.44,77.6,8.95,25.98,25,10
Blood Angels,105,combination,FULGURIS TASK FORCE + VENGEFUL HOSTS + WRATH OF THE DOOMED,3,82.07,87.92,88.73,100,96,99.02,74.98,41.47,99.4,55.56,76.67,6.65,33.03,18,8
Blood Angels,106,combination,FULGURIS TASK FORCE + ORBITAL ASSAULT FORCE,3,81.77,87.82,89.03,98.33,94.85,98.12,74.42,50.25,98.2,70.59,77,6.89,33.64,20,5
Blood Angels,107,combination,FULGURIS TASK FORCE + SUBVERSION ASSETS + WRATH OF THE DOOMED,3,79.91,87.59,88.5,100,98.69,97.79,74.06,37.82,95.26,44.44,77.6,8.77,26.88,25,10
Blood Angels,108,combination,FULGURIS TASK FORCE + STORMLANCE TASK FORCE,3,80.43,87.56,88.44,99.93,97.44,99.99,68.09,45.94,100,82.35,77.27,8.14,31.88,22,3
Blood Angels,109,combination,ENCARMINE SPEARTIP + FULGURIS TASK FORCE + LEGACY OF GRACE,3,80.78,87.53,88.39,98.02,96.6,100,73.1,41.58,100,61.11,81.05,7.71,29.39,19,7
Blood Angels,110,single,WRATH OF THE DOOMED,1,81.26,87.51,88.71,97.98,95.3,98.79,74.29,45,99.4,50,74.55,7.14,34.2,11,3
Blood Angels,111,combination,FULGURIS TASK FORCE + LEGACY OF GRACE + WRATH OF THE DOOMED,3,80.66,87.46,88.32,98.35,96.48,100,75.79,35.1,100,61.11,81.05,7.77,30.61,19,7
Blood Angels,112,single,VANGUARD SPEARHEAD,2,80.2,87.33,88.42,100,96.58,99.13,57.82,67.98,100,72.73,76.25,8.16,37.97,16,3
Blood Angels,113,combination,ENCARMINE SPEARTIP + FULGURIS TASK FORCE + WRATH OF THE DOOMED,3,80.65,87.22,88.18,99.41,96.32,99.74,71.48,40.18,100,55.56,76.67,7.53,33.03,18,8
Blood Angels,114,combination,FULGURIS TASK FORCE + VENGEFUL HOSTS,2,81.38,87.21,88.03,99.9,95.15,98.08,75.47,38.21,98.2,58.33,76,6.69,31.41,15,5
Blood Angels,115,combination,FULGURIS TASK FORCE + THE LOST BRETHREN,3,80.53,87.16,88.31,100,96.92,99.04,76.37,28.93,99.04,82.35,77.27,7.61,40.6,22,3
Blood Angels,116,combination,1ST COMPANY TASK FORCE + FULGURIS TASK FORCE,3,80.54,87.14,88.13,100,97.09,99.33,74.83,30.31,100,76.47,77.14,7.57,40.29,21,4
Blood Angels,117,combination,FULGURIS TASK FORCE + HEADHUNTER TASK FORCE,3,80.29,86.43,87.23,99.93,95.62,98.16,67.03,45.95,98.2,70.59,77,7.1,32.72,20,5
Blood Angels,118,combination,FULGURIS TASK FORCE + SUBVERSION ASSETS,2,78.5,86.21,87.11,100,98.14,95.42,73.82,33.03,90.49,41.67,77.27,8.94,25.1,22,7
Blood Angels,119,combination,FULGURIS TASK FORCE + LEGACY OF GRACE,2,79.46,86.15,87.01,96.42,95.78,99.34,76.63,27.3,100,66.67,81.25,7.77,28.71,16,4
Blood Angels,120,combination,ENCARMINE SPEARTIP + FULGURIS TASK FORCE,2,79.61,86.11,87.13,99.16,95.52,98.8,70.22,36.27,99.4,58.33,76,7.55,31.41,15,5
Blood Angels,121,single,SUBVERSION ASSETS,1,79.52,86.03,87.16,98.13,95.64,89.45,73.25,61.25,76.58,16.67,80,7.57,18.75,10,5
Blood Angels,122,combination,FULGURIS TASK FORCE + VANGUARD SPEARHEAD,3,79.09,85.71,86.74,100,96.58,99.13,66.02,35.39,100,70.59,77,7.72,36.48,20,5
Blood Angels,123,combination,FULGURIS TASK FORCE + WRATH OF THE DOOMED,2,79.33,85.68,86.76,98.86,95.3,98.8,74.29,24.9,99.4,58.33,76,7.41,32.97,15,5
Blood Angels,124,combination,LEGACY OF GRACE + LIBRARIUS CONCLAVE + VENGEFUL HOSTS,3,77.33,85.53,86.27,100,99.08,92.57,57.19,59.43,97.29,66.67,80.83,9.59,30.38,24,6
Blood Angels,125,combination,ENCARMINE SPEARTIP + LIBRARIUS CONCLAVE + VENGEFUL HOSTS,3,77.64,85.36,86.11,100,99.08,92.57,52.9,66.3,97.29,61.11,77.39,9.04,32.2,23,7
Blood Angels,126,combination,LIBRARIUS CONCLAVE + VENGEFUL HOSTS + WRATH OF THE DOOMED,3,77.45,85.32,85.97,100,99.58,92.68,55.6,59.03,97.29,61.11,77.39,9.22,33.2,23,7
Blood Angels,127,combination,LIBRARIUS CONCLAVE + SUBVERSION ASSETS + VENGEFUL HOSTS,3,76.9,85,85.46,100,100,89.88,55.36,64.44,90.15,50,78,9.53,27.35,30,9
Blood Angels,128,combination,LEGACY OF GRACE + LIBRARIUS CONCLAVE + WRATH OF THE DOOMED,3,76,84.46,85.28,99.67,99.08,92.57,56.37,51.03,97.29,66.67,80.83,10.02,31.32,24,6
Blood Angels,129,combination,ENCARMINE SPEARTIP + LEGACY OF GRACE + LIBRARIUS CONCLAVE,3,76.15,84.41,85.22,99.27,98.59,92.46,53.69,58.13,97.29,66.67,80.83,9.79,30.38,24,6
Blood Angels,130,combination,LEGACY OF GRACE + LIBRARIUS CONCLAVE + SUBVERSION ASSETS,3,75.41,84.34,84.79,100,100,89.84,56.09,56.45,90.15,55.56,80.65,10.59,26.2,31,8
Blood Angels,131,combination,ENCARMINE SPEARTIP + LIBRARIUS CONCLAVE + WRATH OF THE DOOMED,3,76.1,84.26,85.11,99.87,98.85,92.57,52.1,57.73,97.29,61.11,77.39,9.68,33.2,23,7
Blood Angels,132,combination,ENCARMINE SPEARTIP + LIBRARIUS CONCLAVE + SUBVERSION ASSETS,3,75.54,84.16,84.63,100,100,89.84,51.86,63.15,90.15,50,78,10.24,27.35,30,9
Blood Angels,133,combination,LIBRARIUS CONCLAVE + SUBVERSION ASSETS + WRATH OF THE DOOMED,3,75.35,83.98,84.46,100,100,89.88,54.56,55.81,90.15,50,78,10.28,28.09,30,9
Blood Angels,134,combination,FIRESTORM ASSAULT FORCE + LIBRARIUS CONCLAVE,3,75.47,83.89,84.69,99.99,98.59,88.03,48.67,72.71,92.74,94.12,77.86,10.04,34.93,28,1
Blood Angels,135,combination,IRONSTORM SPEARHEAD + LIBRARIUS CONCLAVE,3,75.53,83.76,84.49,100,98.59,88.03,48.78,71.18,92.74,82.35,77.69,9.83,32.67,26,3
Blood Angels,136,combination,FULGURIS TASK FORCE + LIBRARIUS CONCLAVE + VENGEFUL HOSTS,3,75.83,83.68,84.41,100,99.08,92.57,55.68,43.93,97.29,66.67,77.5,9.38,31.57,24,6
Blood Angels,137,combination,LIBRARIUS CONCLAVE + THE ANGELIC HOST,3,75.18,83.54,84.15,100,100,88.28,48.67,64.23,94.54,94.12,77.86,10.01,36.38,28,1
Blood Angels,138,combination,LIBRARIUS CONCLAVE + ORBITAL ASSAULT FORCE,3,74.96,83.46,84.5,99.26,98.68,88.03,45.23,76.46,92.74,76.47,77.6,10.18,33.66,25,4
Blood Angels,139,combination,ANVIL SIEGE FORCE + LIBRARIUS CONCLAVE,3,74.8,83.1,83.99,100,99.15,88.16,48.15,64.09,92.74,88.24,77.78,9.99,38.25,27,2
Blood Angels,140,combination,BASTION TASK FORCE + LIBRARIUS CONCLAVE,3,74.44,82.79,83.6,100,98.92,88.11,49.48,59.06,92.74,82.35,77.69,10.09,32.8,26,3
Blood Angels,141,combination,LIBRARIUS CONCLAVE + VENGEFUL HOSTS,2,74.45,82.74,83.5,100,99.08,88.07,46.32,64.55,92.74,66.67,77,10.02,32.05,20,4
Blood Angels,142,combination,FULGURIS TASK FORCE + LEGACY OF GRACE + LIBRARIUS CONCLAVE,3,74.32,82.69,83.48,99.09,98.59,92.46,56.45,35.75,97.29,72.22,80.8,10.12,29.81,25,5
Blood Angels,143,single,FULGURIS TASK FORCE,1,76.73,82.63,83.67,97.3,94.41,97.81,74.45,2.4,97.6,66.67,75,7.14,30.96,12,2
Blood Angels,144,combination,ENCARMINE SPEARTIP + FULGURIS TASK FORCE + LIBRARIUS CONCLAVE,3,74.54,82.61,83.38,99.85,98.35,92.46,52.18,42.63,97.29,66.67,77.5,9.77,31.57,24,6
Blood Angels,145,combination,FULGURIS TASK FORCE + LIBRARIUS CONCLAVE + WRATH OF THE DOOMED,3,74.31,82.57,83.4,99.83,98.85,92.57,54.89,35.31,97.29,66.67,77.5,10,32.55,24,6
Blood Angels,146,combination,FULGURIS TASK FORCE + LIBRARIUS CONCLAVE + SUBVERSION ASSETS,3,73.8,82.47,82.91,100,100,89.84,54.63,40.73,90.15,55.56,78.06,10.51,26.96,31,8
Blood Angels,147,combination,LIBRARIUS CONCLAVE + THE LOST BRETHREN,3,73.75,82.23,82.93,100,99.82,88.3,47.18,55.46,92.74,88.24,77.78,10.31,39.27,27,2
Blood Angels,148,combination,1ST COMPANY TASK FORCE + LIBRARIUS CONCLAVE,3,73.72,82.18,82.87,100,100,88.25,45.61,56.78,94.54,82.35,77.69,10.29,39.05,26,3
Blood Angels,149,combination,LIBRARIUS CONCLAVE + STORMLANCE TASK FORCE,3,73.51,81.86,82.56,99.98,98.59,88.03,38.91,71.93,92.74,88.24,77.78,10.2,32.25,27,2
Blood Angels,150,combination,HEADHUNTER TASK FORCE + LIBRARIUS CONCLAVE,3,73.38,81.59,82.31,99.99,98.59,88.03,37.83,71.39,92.74,76.47,77.6,10.06,32.93,25,4
Blood Angels,151,combination,ENCARMINE SPEARTIP + LIBRARIUS CONCLAVE,2,72.82,81.25,82.06,99.79,98.35,87.96,41.07,62.61,92.74,66.67,77,10.38,32.05,20,4
Blood Angels,152,combination,LEGACY OF GRACE + LIBRARIUS CONCLAVE,2,72.51,81.16,82.02,97.98,98.59,87.96,47.43,52.02,92.74,75,80.95,10.66,30,21,3
Blood Angels,153,combination,LIBRARIUS CONCLAVE + WRATH OF THE DOOMED,2,72.55,81.08,82,99.59,98.85,88.07,45.13,51.68,92.74,66.67,77,10.52,33.18,20,4
Blood Angels,154,combination,LIBRARIUS CONCLAVE + SUBVERSION ASSETS,2,71.71,80.68,81.18,100,99.52,83.74,44.85,59.81,82.03,50,80,11.12,24.53,19,6
Blood Angels,155,combination,LIBRARIUS CONCLAVE + VANGUARD SPEARHEAD,3,72.12,80.57,81.37,100,99.08,88.14,36.84,61.63,92.74,76.47,77.6,10.49,35.89,25,4
Blood Angels,156,combination,FULGURIS TASK FORCE + LIBRARIUS CONCLAVE,2,70.22,78.73,79.51,99.79,98.35,87.96,45.23,29.1,92.74,75,77.14,10.81,31.33,21,3
Blood Angels,157,single,LIBRARIUS CONCLAVE,1,63.14,69.98,71.62,94.31,95.6,73.17,16.21,55.54,75.68,83.33,80,9.77,31.84,9,1
